Char,Stroke,HD,Num-neighbor,C&B_raw,C&B_log
一,1,10.0,278.0,604056.0,5.78
丁,2,4.0,277.0,3640.0,3.56
七,2,10.0,278.0,4094.0,3.61
乃,2,4.0,260.0,566.0,2.75
了,2,3.0,261.0,993990.0,6.0
二,2,2.0,305.0,16814.0,4.23
人,2,5.0,219.0,373292.0,5.57
入,2,4.0,305.0,24269.0,4.39
八,2,7.0,279.0,6222.0,3.79
刀,2,1.0,277.0,4999.0,3.7
刁,2,6.0,277.0,77.0,1.89
力,2,23.0,306.0,44859.0,4.65
匕,2,,,131.0,2.12
十,2,10.0,220.0,14731.0,4.17
卜,2,5.0,260.0,662.0,2.82
丈,3,8.0,305.0,6238.0,3.8
三,3,2.0,277.0,26275.0,4.42
上,3,4.0,305.0,236451.0,5.37
下,3,4.0,305.0,153565.0,5.19
丫,3,5.0,279.0,507.0,2.71
丸,3,6.0,220.0,771.0,2.89
久,3,6.0,261.0,15073.0,4.18
么,3,8.0,278.0,557804.0,5.75
乞,3,5.0,262.0,436.0,2.64
也,3,4.0,262.0,159926.0,5.2
亡,3,2.0,219.0,6086.0,3.78
凡,3,10.0,220.0,1875.0,3.27
千,3,12.0,278.0,7954.0,3.9
叉,3,5.0,277.0,906.0,2.96
口,3,1.0,261.0,21385.0,4.33
土,3,4.0,262.0,4871.0,3.69
士,3,29.0,306.0,31972.0,4.5
夕,3,6.0,306.0,474.0,2.68
大,3,1.0,306.0,135159.0,5.13
女,3,2.0,259.0,76693.0,4.88
子,3,6.0,261.0,177693.0,5.25
小,3,2.0,261.0,99468.0,5.0
山,3,12.0,277.0,8779.0,3.94
工,3,12.0,277.0,44548.0,4.65
已,3,8.0,262.0,65079.0,4.81
干,3,8.0,220.0,60971.0,4.79
弓,3,12.0,277.0,351.0,2.55
才,3,4.0,220.0,46044.0,4.66
不,4,12.0,304.0,904675.0,5.96
丑,4,2.0,262.0,2948.0,3.47
中,4,6.0,277.0,69745.0,4.84
丹,4,3.0,277.0,4890.0,3.69
之,3,11.0,278.0,64755.0,4.81
予,4,9.0,260.0,1630.0,3.21
互,4,8.0,306.0,3335.0,3.52
五,4,8.0,262.0,12246.0,4.09
井,4,9.0,261.0,1114.0,3.05
亢,4,,,73.0,1.86
什,4,10.0,220.0,307184.0,5.49
仁,4,5.0,219.0,1306.0,3.12
仆,4,4.0,278.0,814.0,2.91
仇,4,6.0,220.0,2085.0,3.32
今,4,9.0,277.0,44976.0,4.65
介,4,8.0,306.0,7696.0,3.89
仍,4,1.0,218.0,5117.0,3.71
允,4,3.0,263.0,2897.0,3.46
元,4,15.0,220.0,8765.0,3.94
内,4,1.0,303.0,19071.0,4.28
公,4,12.0,277.0,39292.0,4.59
冗,4,1.0,261.0,66.0,1.82
凶,4,4.0,276.0,6967.0,3.84
分,4,6.0,306.0,48396.0,4.68
切,4,6.0,305.0,28202.0,4.45
匀,4,3.0,219.0,91.0,1.96
勾,4,3.0,277.0,1240.0,3.09
化,4,5.0,305.0,11248.0,4.05
匹,4,4.0,262.0,2240.0,3.35
升,4,6.0,278.0,4362.0,3.64
午,4,8.0,262.0,8167.0,3.91
厄,4,14.0,305.0,1352.0,3.13
及,3,19.0,220.0,9979.0,4.0
友,4,6.0,262.0,40149.0,4.6
反,4,2.0,262.0,15920.0,4.2
天,4,2.0,277.0,127053.0,5.1
太,4,7.0,305.0,80890.0,4.91
夫,4,8.0,278.0,23767.0,4.38
夭,4,8.0,278.0,138.0,2.14
孔,4,2.0,261.0,1301.0,3.11
少,4,1.0,262.0,28266.0,4.45
尤,4,8.0,220.0,2679.0,3.43
尺,4,5.0,262.0,2651.0,3.42
屯,4,5.0,219.0,17.0,1.23
巴,4,7.0,279.0,14445.0,4.16
幻,4,6.0,306.0,3425.0,3.53
引,4,5.0,262.0,9297.0,3.97
心,4,9.0,276.0,83418.0,4.92
户,4,8.0,306.0,5836.0,3.77
手,4,3.0,261.0,75608.0,4.88
扎,4,3.0,278.0,2561.0,3.41
支,4,11.0,278.0,11697.0,4.07
文,4,6.0,220.0,14196.0,4.15
斗,4,6.0,305.0,6328.0,3.8
斤,4,9.0,277.0,369.0,2.57
方,4,4.0,278.0,52743.0,4.72
日,4,1.0,303.0,23151.0,4.36
月,4,9.0,304.0,16675.0,4.22
木,4,12.0,304.0,4924.0,3.69
欠,4,6.0,306.0,2962.0,3.47
止,4,11.0,262.0,14732.0,4.17
歹,4,2.0,261.0,286.0,2.46
比,4,5.0,262.0,51838.0,4.71
毛,4,5.0,219.0,6487.0,3.81
氏,4,29.0,306.0,893.0,2.95
水,4,1.0,260.0,21793.0,4.34
火,4,3.0,261.0,18479.0,4.27
爪,4,3.0,261.0,563.0,2.75
父,4,16.0,306.0,22065.0,4.34
片,4,3.0,304.0,21431.0,4.33
牙,4,5.0,221.0,6365.0,3.8
牛,4,1.0,219.0,7043.0,3.85
犬,4,1.0,262.0,1055.0,3.02
王,4,2.0,219.0,9733.0,3.99
且,5,1.0,261.0,24774.0,4.39
世,5,29.0,306.0,21566.0,4.33
丙,5,7.0,261.0,197.0,2.29
主,5,7.0,262.0,28628.0,4.46
乏,4,5.0,219.0,888.0,2.95
仔,5,6.0,261.0,3497.0,3.54
仕,5,29.0,306.0,63.0,1.8
他,5,7.0,277.0,564477.0,5.75
仗,5,8.0,305.0,832.0,2.92
付,5,16.0,306.0,10729.0,4.03
仙,5,6.0,278.0,1174.0,3.07
代,5,10.0,305.0,15142.0,4.18
以,4,8.0,262.0,184508.0,5.27
兄,5,4.0,276.0,14373.0,4.16
充,6,3.0,277.0,4670.0,3.67
册,5,5.0,303.0,1372.0,3.14
冬,5,5.0,277.0,1099.0,3.04
凸,5,8.0,220.0,109.0,2.04
凹,5,2.0,277.0,150.0,2.18
出,5,4.0,278.0,129404.0,5.11
刊,5,3.0,277.0,604.0,2.78
功,5,12.0,277.0,9452.0,3.98
加,5,13.0,278.0,38160.0,4.58
包,5,5.0,277.0,13742.0,4.14
匆,5,5.0,276.0,514.0,2.71
北,5,1.0,261.0,3768.0,3.58
半,5,7.0,305.0,10910.0,4.04
占,5,9.0,305.0,2291.0,3.36
卡,5,2.0,261.0,19536.0,4.29
去,5,3.0,305.0,232346.0,5.37
古,5,7.0,261.0,6114.0,3.79
句,5,15.0,306.0,6640.0,3.82
另,5,2.0,306.0,13372.0,4.13
叨,5,5.0,278.0,521.0,2.72
叩,5,6.0,305.0,26.0,1.41
只,5,11.0,262.0,117406.0,5.07
叫,5,7.0,305.0,41269.0,4.62
召,5,7.0,305.0,1546.0,3.19
叮,5,4.0,277.0,490.0,2.69
可,5,2.0,262.0,212670.0,5.33
台,5,4.0,219.0,13404.0,4.13
叱,5,7.0,306.0,14.0,1.15
史,5,7.0,262.0,8002.0,3.9
右,5,11.0,306.0,4783.0,3.68
司,5,12.0,277.0,15818.0,4.2
囚,5,9.0,219.0,1119.0,3.05
四,5,11.0,305.0,13242.0,4.12
外,5,1.0,304.0,31747.0,4.5
央,5,4.0,278.0,891.0,2.95
失,5,10.0,278.0,28189.0,4.45
奴,5,2.0,219.0,1224.0,3.09
奶,5,4.0,260.0,8037.0,3.91
孕,5,6.0,305.0,3253.0,3.51
它,5,7.0,277.0,61272.0,4.79
尼,5,4.0,219.0,19533.0,4.29
左,5,2.0,260.0,5160.0,3.71
巧,5,2.0,262.0,5321.0,3.73
巨,4,15.0,306.0,3124.0,3.49
市,5,29.0,306.0,10453.0,4.02
布,5,12.0,304.0,18253.0,4.26
平,5,11.0,217.0,14739.0,4.17
幼,5,11.0,306.0,937.0,2.97
弘,5,8.0,219.0,323.0,2.51
必,5,25.0,306.0,27960.0,4.45
扒,5,4.0,219.0,240.0,2.38
打,5,1.0,262.0,79262.0,4.9
扔,5,1.0,276.0,5106.0,3.71
斥,5,7.0,306.0,423.0,2.63
曱,5,,,,
未,5,13.0,306.0,11246.0,4.05
末,5,13.0,306.0,3773.0,3.58
本,5,2.0,261.0,41063.0,4.61
札,5,3.0,220.0,62.0,1.79
正,5,5.0,305.0,57215.0,4.76
母,5,6.0,260.0,15556.0,4.19
民,5,4.0,218.0,9468.0,3.98
永,5,12.0,260.0,12756.0,4.11
泛,7,6.0,306.0,396.0,2.6
汁,5,11.0,278.0,1591.0,3.2
犯,5,6.0,306.0,17722.0,4.25
玄,5,4.0,219.0,190.0,2.28
玉,5,42.0,276.0,1240.0,3.09
瓜,5,6.0,277.0,3315.0,3.52
瓦,4,1.0,262.0,3721.0,3.57
甘,5,7.0,276.0,1213.0,3.08
生,5,6.0,278.0,162725.0,5.21
用,5,2.0,304.0,79299.0,4.9
甩,5,1.0,261.0,1719.0,3.24
田,5,6.0,219.0,1819.0,3.26
由,5,8.0,220.0,15733.0,4.2
甲,5,5.0,262.0,2487.0,3.4
申,5,10.0,278.0,2358.0,3.37
白,5,1.0,220.0,41987.0,4.62
皮,5,8.0,220.0,9160.0,3.96
目,5,12.0,304.0,22482.0,4.35
矛,5,5.0,219.0,752.0,2.88
矢,5,7.0,262.0,123.0,2.09
石,5,10.0,305.0,6896.0,3.84
示,5,29.0,306.0,9413.0,3.97
禾,5,12.0,219.0,7.0,0.85
穴,5,3.0,306.0,705.0,2.85
立,5,23.0,306.0,10194.0,4.01
丞,6,,,4.0,0.6
丢,6,2.0,275.0,6145.0,3.79
乒,6,1.0,277.0,157.0,2.2
交,6,14.0,277.0,19619.0,4.29
亥,6,5.0,306.0,215.0,2.33
仰,6,4.0,262.0,1904.0,3.28
仲,6,2.0,305.0,116.0,2.06
件,6,19.0,305.0,31611.0,4.5
任,6,6.0,305.0,34349.0,4.54
份,6,6.0,306.0,14754.0,4.17
仿,6,3.0,262.0,1499.0,3.18
企,6,13.0,306.0,1401.0,3.15
伉,6,,,3.0,0.48
伊,6,10.0,278.0,10181.0,4.01
伎,6,24.0,306.0,242.0,2.38
伏,6,17.0,220.0,1434.0,3.16
伐,6,3.0,277.0,340.0,2.53
休,6,5.0,277.0,8504.0,3.93
伙,6,3.0,261.0,37637.0,4.58
兆,6,7.0,305.0,718.0,2.86
先,6,6.0,278.0,71253.0,4.85
光,6,2.0,277.0,17286.0,4.24
全,6,9.0,220.0,47545.0,4.68
共,6,2.0,305.0,7769.0,3.89
再,6,3.0,305.0,78039.0,4.89
冰,6,2.0,277.0,6145.0,3.79
刑,6,5.0,220.0,2801.0,3.45
划,6,5.0,219.0,11871.0,4.07
列,6,8.0,304.0,4646.0,3.67
劣,6,8.0,304.0,646.0,2.81
印,5,4.0,306.0,6629.0,3.82
危,6,4.0,278.0,7715.0,3.89
吃,6,6.0,278.0,33829.0,4.53
各,6,4.0,306.0,9490.0,3.98
合,6,12.0,219.0,27378.0,4.44
吉,6,19.0,220.0,8890.0,3.95
吊,6,5.0,305.0,1272.0,3.1
同,6,9.0,220.0,42995.0,4.63
名,6,7.0,219.0,43229.0,4.64
后,6,4.0,305.0,109915.0,5.04
吏,6,23.0,306.0,23.0,1.36
吐,6,4.0,262.0,2543.0,3.41
向,6,6.0,306.0,24596.0,4.39
回,6,2.0,220.0,92711.0,4.97
因,6,7.0,278.0,77540.0,4.89
囡,6,1.0,277.0,2.0,0.3
在,6,3.0,305.0,546367.0,5.74
地,6,10.0,306.0,78129.0,4.89
多,6,4.0,219.0,104049.0,5.02
夷,6,16.0,220.0,720.0,2.86
奸,6,16.0,277.0,1854.0,3.27
她,6,7.0,277.0,230468.0,5.36
好,6,8.0,304.0,412760.0,5.62
如,6,5.0,219.0,113103.0,5.05
妃,6,7.0,278.0,214.0,2.33
妄,6,4.0,305.0,740.0,2.87
孖,6,13.0,277.0,3.0,0.48
字,6,5.0,305.0,22743.0,4.36
存,6,1.0,219.0,9155.0,3.96
宅,6,2.0,219.0,610.0,2.79
宇,6,9.0,260.0,2001.0,3.3
守,6,3.0,261.0,6235.0,3.79
安,6,6.0,277.0,41719.0,4.62
寺,6,11.0,305.0,397.0,2.6
尖,6,16.0,277.0,2358.0,3.37
屹,6,37.0,306.0,38.0,1.58
州,6,5.0,278.0,6997.0,3.84
帆,6,10.0,220.0,424.0,2.63
年,6,6.0,219.0,54824.0,4.74
式,6,29.0,306.0,12142.0,4.08
忙,6,5.0,217.0,15130.0,4.18
成,6,11.0,220.0,61348.0,4.79
托,6,4.0,278.0,16277.0,4.21
扣,6,6.0,305.0,1912.0,3.28
收,6,1.0,277.0,19712.0,4.29
旨,6,11.0,262.0,362.0,2.56
早,6,5.0,261.0,26160.0,4.42
旭,6,11.0,305.0,107.0,2.03
曲,6,3.0,261.0,5121.0,3.71
有,6,6.0,262.0,533631.0,5.73
朱,6,10.0,278.0,1403.0,3.15
朽,6,2.0,261.0,229.0,2.36
次,6,3.0,305.0,58108.0,4.76
此,6,3.0,261.0,28050.0,4.45
死,6,1.0,261.0,71256.0,4.85
汗,6,11.0,305.0,1537.0,3.19
汝,6,2.0,261.0,100.0,2.0
江,6,8.0,277.0,780.0,2.89
池,6,6.0,220.0,2372.0,3.38
污,6,6.0,278.0,1379.0,3.14
灰,6,6.0,278.0,2140.0,3.33
牟,6,4.0,219.0,40.0,1.6
百,6,3.0,262.0,9469.0,3.98
竹,6,5.0,220.0,371.0,2.57
米,6,4.0,262.0,13160.0,4.12
羊,6,7.0,220.0,2285.0,3.36
羽,6,9.0,260.0,408.0,2.61
老,6,4.0,262.0,52688.0,4.72
考,6,4.0,260.0,11613.0,4.06
而,6,3.0,219.0,72462.0,4.86
耳,6,5.0,261.0,3964.0,3.6
肉,6,1.0,304.0,6996.0,3.84
肋,6,4.0,304.0,405.0,2.61
肌,6,22.0,278.0,1322.0,3.12
臣,6,8.0,218.0,467.0,2.67
自,6,5.0,305.0,98698.0,4.99
至,6,22.0,306.0,18394.0,4.26
臼,6,11.0,305.0,85.0,1.93
舌,6,3.0,220.0,1482.0,3.17
色,6,6.0,303.0,21624.0,4.33
血,6,2.0,262.0,14874.0,4.17
行,6,5.0,220.0,73109.0,4.86
衣,6,10.0,278.0,14941.0,4.17
西,6,24.0,278.0,59024.0,4.77
串,7,1.0,306.0,699.0,2.84
伯,7,15.0,220.0,6525.0,3.81
估,7,11.0,277.0,2862.0,3.46
伴,7,7.0,305.0,4854.0,3.69
伶,7,19.0,220.0,169.0,2.23
伸,7,10.0,278.0,1794.0,3.25
伺,7,11.0,305.0,198.0,2.3
似,6,11.0,305.0,7493.0,3.87
但,7,10.0,305.0,122236.0,5.09
伫,6,,,5.0,0.7
位,7,13.0,306.0,31427.0,4.5
低,7,4.0,278.0,5249.0,3.72
住,7,10.0,306.0,38482.0,4.59
佐,7,2.0,260.0,1029.0,3.01
何,7,12.0,219.0,37987.0,4.58
佚,7,,,1.0,0.0
佛,7,17.0,220.0,4016.0,3.6
作,7,5.0,304.0,68168.0,4.83
你,7,3.0,261.0,1444831.0,6.16
佣,7,2.0,304.0,1049.0,3.02
克,7,6.0,306.0,53663.0,4.73
兑,7,5.0,304.0,387.0,2.59
免,7,5.0,261.0,6707.0,3.83
兵,7,2.0,277.0,4945.0,3.69
冶,7,4.0,262.0,18.0,1.26
冷,7,1.0,260.0,9199.0,3.96
判,7,6.0,305.0,5960.0,3.78
别,7,1.0,305.0,102034.0,5.01
刨,7,4.0,220.0,92.0,1.96
利,7,23.0,306.0,32917.0,4.52
删,7,12.0,277.0,531.0,2.73
助,7,10.0,306.0,16435.0,4.22
努,7,2.0,261.0,6731.0,3.83
劫,7,13.0,220.0,3238.0,3.51
匣,7,12.0,219.0,76.0,1.88
即,7,19.0,220.0,8012.0,3.9
卵,7,1.0,260.0,482.0,2.68
君,7,5.0,276.0,1901.0,3.28
吝,7,3.0,305.0,114.0,2.06
吞,7,1.0,277.0,1176.0,3.07
吟,7,6.0,220.0,284.0,2.45
吠,7,8.0,306.0,113.0,2.05
否,7,2.0,259.0,13209.0,4.12
吩,7,5.0,278.0,313.0,2.5
含,7,5.0,219.0,1726.0,3.24
吵,7,2.0,261.0,3805.0,3.58
呐,7,5.0,305.0,1685.0,3.23
吸,6,24.0,278.0,11420.0,4.06
吹,7,2.0,276.0,2540.0,3.4
吻,7,2.0,262.0,4521.0,3.66
吼,7,1.0,261.0,767.0,2.88
吾,7,9.0,220.0,249.0,2.4
呆,7,3.0,277.0,7712.0,3.89
呈,7,11.0,220.0,821.0,2.91
告,7,3.0,305.0,76599.0,4.88
囤,7,7.0,305.0,30.0,1.48
困,7,1.0,305.0,5538.0,3.74
均,7,5.0,276.0,760.0,2.88
坊,7,4.0,278.0,213.0,2.33
坎,7,6.0,261.0,830.0,2.92
坐,7,5.0,304.0,19613.0,4.29
坑,7,2.0,275.0,574.0,2.76
壮,6,4.0,304.0,1974.0,3.3
夹,6,5.0,220.0,1900.0,3.28
妊,7,6.0,305.0,63.0,1.8
妒,7,8.0,306.0,1424.0,3.15
妓,7,24.0,306.0,1709.0,3.23
妖,7,8.0,278.0,677.0,2.83
妙,7,2.0,306.0,3967.0,3.6
妆,6,4.0,276.0,1424.0,3.15
妥,7,1.0,262.0,979.0,2.99
妨,7,3.0,220.0,768.0,2.89
孝,7,8.0,305.0,215.0,2.33
宋,7,5.0,305.0,340.0,2.53
完,7,6.0,220.0,37488.0,4.57
宏,7,8.0,219.0,249.0,2.4
尾,7,10.0,262.0,3109.0,3.49
尿,7,2.0,304.0,2843.0,3.45
局,7,6.0,220.0,12836.0,4.11
屁,7,3.0,306.0,7805.0,3.89
岔,7,3.0,305.0,277.0,2.44
巡,6,8.0,219.0,1886.0,3.28
巫,7,9.0,220.0,1649.0,3.22
希,7,24.0,278.0,31198.0,4.49
庇,7,25.0,306.0,418.0,2.62
床,7,2.0,220.0,8706.0,3.94
序,7,11.0,305.0,2630.0,3.42
弄,7,1.0,304.0,15246.0,4.18
弟,7,10.0,306.0,17768.0,4.25
形,7,5.0,220.0,6994.0,3.84
役,7,37.0,306.0,1022.0,3.01
忌,7,24.0,306.0,1332.0,3.12
忍,7,3.0,261.0,4557.0,3.66
忐,7,,,24.0,1.38
志,7,22.0,306.0,7203.0,3.86
忘,7,4.0,305.0,12906.0,4.11
忤,7,8.0,262.0,13.0,1.11
快,7,7.0,303.0,72900.0,4.86
我,7,1.0,261.0,2058980.0,6.31
戒,7,8.0,306.0,4018.0,3.6
扭,7,4.0,261.0,1517.0,3.18
扮,7,7.0,305.0,3077.0,3.49
扯,7,1.0,261.0,2952.0,3.47
扳,7,8.0,277.0,586.0,2.77
扶,7,17.0,220.0,767.0,2.88
批,7,7.0,278.0,2313.0,3.36
扼,7,14.0,305.0,172.0,2.24
找,7,3.0,261.0,73582.0,4.87
技,7,24.0,306.0,5233.0,3.72
抄,7,3.0,277.0,412.0,2.61
抉,7,,,287.0,2.46
把,7,2.0,263.0,126881.0,5.1
抑,7,37.0,306.0,1009.0,3.0
抒,7,12.0,278.0,87.0,1.94
抓,7,1.0,275.0,14157.0,4.15
投,7,2.0,219.0,11258.0,4.05
抖,7,2.0,261.0,766.0,2.88
抗,7,2.0,304.0,4009.0,3.6
折,7,9.0,220.0,3775.0,3.58
改,7,1.0,261.0,12916.0,4.11
攻,7,12.0,277.0,4562.0,3.66
旱,7,11.0,305.0,114.0,2.06
更,7,14.0,277.0,35397.0,4.55
杉,7,12.0,277.0,3006.0,3.48
李,7,9.0,262.0,2910.0,3.46
杏,7,5.0,306.0,217.0,2.34
材,7,4.0,220.0,2684.0,3.43
村,7,2.0,277.0,2907.0,3.46
杜,7,8.0,306.0,2508.0,3.4
束,7,10.0,306.0,11221.0,4.05
步,7,12.0,304.0,11260.0,4.05
每,7,6.0,261.0,28306.0,4.45
求,7,9.0,219.0,22773.0,4.36
汪,7,1.0,279.0,254.0,2.4
汲,6,19.0,220.0,52.0,1.72
决,6,13.0,218.0,22798.0,4.36
汽,7,13.0,306.0,3608.0,3.56
沃,7,7.0,305.0,3761.0,3.58
沉,7,8.0,218.0,3347.0,3.52
沏,7,10.0,278.0,19.0,1.28
沐,7,12.0,304.0,136.0,2.13
没,7,13.0,219.0,293874.0,5.47
冲,6,3.0,277.0,7521.0,3.88
沙,7,8.0,278.0,5683.0,3.75
灶,7,6.0,305.0,72.0,1.86
灼,7,11.0,218.0,164.0,2.21
灾,7,4.0,277.0,1870.0,3.27
牡,7,6.0,260.0,120.0,2.08
牢,7,5.0,220.0,3297.0,3.52
狂,7,2.0,219.0,8951.0,3.95
男,7,5.0,217.0,30316.0,4.48
秃,7,1.0,278.0,446.0,2.65
秀,7,6.0,305.0,5062.0,3.7
私,7,12.0,277.0,7253.0,3.86
究,7,11.0,305.0,6461.0,3.81
系,7,6.0,306.0,29334.0,4.47
罕,7,2.0,261.0,627.0,2.8
肖,7,8.0,305.0,1137.0,3.06
肚,7,8.0,306.0,1684.0,3.23
肛,7,7.0,277.0,165.0,2.22
肝,7,7.0,276.0,833.0,2.92
育,8,42.0,276.0,3232.0,3.51
良,7,4.0,219.0,3045.0,3.48
芋,6,42.0,276.0,79.0,1.9
芒,6,5.0,217.0,491.0,2.69
见,4,19.0,305.0,85723.0,4.93
角,7,11.0,261.0,8735.0,3.94
言,7,14.0,220.0,13176.0,4.12
谷,7,7.0,261.0,1867.0,3.27
豆,7,6.0,305.0,2056.0,3.31
贝,4,10.0,305.0,17592.0,4.25
赤,7,7.0,306.0,694.0,2.84
走,7,1.0,260.0,82765.0,4.92
足,7,4.0,219.0,8917.0,3.95
身,7,10.0,278.0,38760.0,4.59
车,4,1.0,277.0,55587.0,4.74
辛,7,9.0,276.0,3020.0,3.48
辰,7,8.0,218.0,112.0,2.05
迂,6,42.0,276.0,54.0,1.73
迄,6,13.0,306.0,179.0,2.25
迅,6,7.0,305.0,597.0,2.78
那,6,5.0,305.0,365024.0,5.56
邦,6,4.0,277.0,3240.0,3.51
邪,6,12.0,220.0,2246.0,3.35
里,7,9.0,262.0,190694.0,5.28
防,6,3.0,220.0,6640.0,3.82
并,6,4.0,305.0,26283.0,4.42
乖,8,1.0,277.0,2424.0,3.38
乳,8,2.0,261.0,1605.0,3.21
事,8,29.0,306.0,179716.0,5.25
些,8,3.0,278.0,113122.0,5.05
亚,6,5.0,307.0,15689.0,4.2
享,8,4.0,262.0,5485.0,3.74
京,8,14.0,277.0,1329.0,3.12
佩,8,3.0,305.0,2476.0,3.39
佯,8,7.0,220.0,40.0,1.6
佳,8,13.0,278.0,2309.0,3.36
佻,8,3.0,219.0,30.0,1.48
使,8,7.0,262.0,16913.0,4.23
侄,8,12.0,220.0,785.0,2.89
来,7,5.0,218.0,377902.0,5.58
例,8,23.0,306.0,3309.0,3.52
侍,8,29.0,306.0,515.0,2.71
侏,8,,,256.0,2.41
供,8,12.0,277.0,5801.0,3.76
依,8,10.0,278.0,3656.0,3.56
儿,2,3.0,219.0,105402.0,5.02
兔,8,2.0,306.0,1452.0,3.16
两,7,2.0,261.0,39972.0,4.6
其,8,23.0,220.0,36285.0,4.56
具,8,15.0,306.0,8138.0,3.91
典,8,4.0,261.0,3276.0,3.52
函,8,5.0,219.0,206.0,2.31
初,7,4.0,278.0,3740.0,3.57
刮,8,6.0,277.0,920.0,2.96
到,8,8.0,305.0,290231.0,5.46
制,8,22.0,306.0,16519.0,4.22
刷,8,2.0,276.0,1394.0,3.14
刺,8,3.0,305.0,4820.0,3.68
刻,8,6.0,306.0,9844.0,3.99
剁,8,7.0,305.0,111.0,2.05
卑,8,5.0,277.0,1014.0,3.01
卓,8,11.0,218.0,450.0,2.65
协,6,12.0,220.0,4191.0,3.62
卦,8,2.0,305.0,512.0,2.71
卷,8,6.0,304.0,3334.0,3.52
卸,9,14.0,306.0,476.0,2.68
叔,8,5.0,220.0,5419.0,3.73
取,8,3.0,261.0,12409.0,4.09
受,8,9.0,305.0,38688.0,4.59
呢,8,1.0,8.0,77341.0,4.89
周,8,5.0,278.0,21092.0,4.32
味,8,13.0,306.0,11803.0,4.07
呵,8,3.0,277.0,1650.0,3.22
呻,8,10.0,278.0,138.0,2.14
呼,8,3.0,278.0,8561.0,3.93
命,8,1.0,305.0,25014.0,4.4
咀,8,6.0,262.0,85.0,1.93
咁,8,,,,
咆,8,4.0,220.0,134.0,2.13
咋,8,1.0,261.0,426.0,2.63
和,8,14.0,305.0,155937.0,5.19
咒,8,5.0,306.0,1840.0,3.26
咕,8,11.0,277.0,391.0,2.59
咖,8,1.0,277.0,5252.0,3.72
固,8,4.0,305.0,1948.0,3.29
坡,8,2.0,278.0,510.0,2.71
坦,8,4.0,262.0,4880.0,3.69
垃,8,4.0,304.0,3274.0,3.52
夜,8,9.0,306.0,9438.0,3.97
奇,8,23.0,220.0,17952.0,4.25
奈,8,4.0,304.0,1450.0,3.16
奉,8,4.0,305.0,1326.0,3.12
奔,8,2.0,277.0,1170.0,3.07
妹,8,7.0,305.0,9193.0,3.96
妻,8,10.0,278.0,8809.0,3.94
姆,8,6.0,260.0,9868.0,3.99
姊,7,4.0,262.0,144.0,2.16
始,8,7.0,262.0,33678.0,4.53
姐,8,4.0,262.0,15933.0,4.2
姑,8,11.0,277.0,5640.0,3.75
姓,8,5.0,306.0,1997.0,3.3
委,8,10.0,262.0,5183.0,3.71
季,8,24.0,306.0,6585.0,3.82
孤,8,11.0,277.0,3526.0,3.55
宗,8,5.0,277.0,1751.0,3.24
官,8,7.0,277.0,21405.0,4.33
定,8,5.0,305.0,81657.0,4.91
宛,8,7.0,262.0,138.0,2.14
宜,8,16.0,220.0,1454.0,3.16
尚,8,4.0,305.0,2594.0,3.41
居,8,11.0,278.0,7197.0,3.86
届,8,8.0,306.0,522.0,2.72
屈,8,10.0,277.0,765.0,2.88
岩,8,14.0,220.0,962.0,2.98
岳,8,9.0,304.0,218.0,2.34
岸,8,7.0,305.0,1693.0,3.23
帖,8,3.0,276.0,262.0,2.42
幸,8,5.0,306.0,13109.0,4.12
底,8,4.0,262.0,20210.0,4.31
庖,8,4.0,220.0,13.0,1.11
店,8,11.0,305.0,11021.0,4.04
府,8,11.0,262.0,4402.0,3.64
延,6,14.0,220.0,1821.0,3.26
弦,8,9.0,220.0,384.0,2.58
弧,8,10.0,220.0,96.0,1.98
彼,8,5.0,262.0,3774.0,3.58
往,8,4.0,261.0,11516.0,4.06
征,8,9.0,277.0,2504.0,3.4
忠,8,6.0,277.0,2383.0,3.38
念,8,2.0,305.0,7530.0,3.88
忽,8,3.0,278.0,1572.0,3.2
怕,8,2.0,305.0,17550.0,4.24
怡,8,16.0,220.0,100.0,2.0
性,8,5.0,306.0,28102.0,4.45
怪,8,1.0,305.0,17328.0,4.24
怯,8,6.0,305.0,181.0,2.26
或,8,14.0,305.0,30931.0,4.49
戾,8,23.0,306.0,22.0,1.34
房,8,3.0,220.0,25246.0,4.4
所,8,4.0,260.0,100444.0,5.0
承,8,11.0,220.0,8322.0,3.92
抨,8,5.0,278.0,71.0,1.85
披,8,7.0,278.0,883.0,2.95
抬,8,4.0,219.0,1496.0,3.17
抱,8,7.0,305.0,26803.0,4.43
抵,8,4.0,262.0,1716.0,3.23
抹,8,1.0,262.0,867.0,2.94
押,8,5.0,279.0,1557.0,3.19
抽,8,2.0,278.0,4423.0,3.65
抿,8,5.0,260.0,14.0,1.15
拂,8,17.0,220.0,104.0,2.02
拆,8,1.0,276.0,1243.0,3.09
拇,8,6.0,260.0,361.0,2.56
拉,8,4.0,276.0,31007.0,4.49
抛,7,1.0,278.0,2455.0,3.39
拌,8,7.0,305.0,317.0,2.5
拍,8,1.0,277.0,11578.0,4.06
拐,8,1.0,261.0,879.0,2.94
拒,7,15.0,306.0,3485.0,3.54
拓,8,2.0,306.0,218.0,2.34
拔,8,3.0,221.0,1529.0,3.18
拖,8,4.0,278.0,3331.0,3.52
拘,8,11.0,278.0,1058.0,3.02
拙,8,11.0,218.0,233.0,2.37
招,8,3.0,277.0,5342.0,3.73
放,8,1.0,306.0,46528.0,4.67
斧,8,11.0,262.0,330.0,2.52
于,3,42.0,276.0,45429.0,4.66
旺,8,4.0,305.0,498.0,2.7
昂,8,1.0,218.0,1104.0,3.04
昆,8,4.0,277.0,532.0,2.73
昌,8,3.0,278.0,232.0,2.37
明,8,7.0,219.0,69749.0,4.84
昏,8,3.0,277.0,1875.0,3.27
易,8,37.0,306.0,11949.0,4.08
昔,8,9.0,220.0,273.0,2.44
朋,8,9.0,220.0,32843.0,4.52
服,8,17.0,220.0,24279.0,4.39
杯,8,5.0,277.0,10466.0,4.02
东,5,5.0,277.0,44037.0,4.64
松,8,1.0,277.0,9051.0,3.96
板,8,5.0,261.0,8354.0,3.92
枇,8,,,,
枉,8,4.0,261.0,160.0,2.2
析,8,24.0,278.0,1793.0,3.25
枕,8,4.0,261.0,715.0,2.85
林,8,9.0,217.0,9991.0,4.0
果,8,3.0,262.0,91471.0,4.96
枝,8,11.0,278.0,500.0,2.7
欣,8,9.0,276.0,1870.0,3.27
武,8,8.0,262.0,6516.0,3.81
歧,8,23.0,220.0,692.0,2.84
氛,8,5.0,278.0,741.0,2.87
沮,8,11.0,278.0,827.0,2.92
河,8,12.0,219.0,3471.0,3.54
沸,8,8.0,306.0,198.0,2.3
油,8,8.0,220.0,10553.0,4.02
治,8,22.0,306.0,11940.0,4.08
沼,8,3.0,261.0,433.0,2.64
沾,8,4.0,277.0,790.0,2.9
沿,8,14.0,220.0,877.0,2.94
况,7,5.0,305.0,13269.0,4.12
泄,8,14.0,306.0,1630.0,3.21
泊,8,15.0,220.0,334.0,2.52
泌,8,8.0,306.0,171.0,2.23
法,8,2.0,261.0,60750.0,4.78
泡,8,3.0,306.0,2747.0,3.44
波,8,7.0,278.0,7341.0,3.87
泣,8,13.0,306.0,563.0,2.75
泥,8,4.0,219.0,1472.0,3.17
注,8,10.0,306.0,15259.0,4.18
泳,8,12.0,260.0,2361.0,3.37
炆,8,6.0,220.0,3.0,0.48
炊,8,2.0,276.0,27.0,1.43
炎,8,14.0,220.0,825.0,2.92
炒,8,2.0,261.0,1708.0,3.23
炙,8,22.0,306.0,79.0,1.9
爬,8,4.0,219.0,2192.0,3.34
争,6,9.0,277.0,9959.0,4.0
爸,8,4.0,307.0,53025.0,4.72
版,8,5.0,261.0,2708.0,3.43
牧,8,12.0,304.0,1896.0,3.28
物,8,13.0,306.0,30079.0,4.48
状,7,4.0,304.0,6080.0,3.78
狐,8,10.0,220.0,626.0,2.8
狒,8,8.0,306.0,107.0,2.03
狗,8,3.0,261.0,13978.0,4.15
狙,8,11.0,278.0,487.0,2.69
玩,8,6.0,220.0,28964.0,4.46
玫,8,13.0,219.0,703.0,2.85
疙,8,,,155.0,2.19
的,8,1.0,9.0,1762079.0,6.25
盲,8,5.0,217.0,662.0,2.82
直,8,12.0,220.0,46163.0,4.66
知,8,11.0,278.0,211542.0,5.33
社,7,7.0,306.0,5084.0,3.71
祀,7,,,45.0,1.65
秉,8,7.0,261.0,68.0,1.83
空,8,1.0,277.0,15517.0,4.19
纠,5,3.0,277.0,918.0,2.96
股,8,7.0,261.0,5724.0,3.76
肢,8,11.0,278.0,615.0,2.79
肥,8,2.0,220.0,2292.0,3.36
肩,8,16.0,277.0,1653.0,3.22
肯,8,4.0,259.0,22710.0,4.36
肺,8,8.0,306.0,1157.0,3.06
卧,8,7.0,305.0,2039.0,3.31
舍,8,1.0,262.0,1482.0,3.17
芙,7,17.0,220.0,1008.0,3.0
芝,6,11.0,278.0,1342.0,3.13
芥,7,8.0,306.0,227.0,2.36
芬,7,5.0,278.0,1865.0,3.27
芭,7,7.0,279.0,1584.0,3.2
花,7,1.0,277.0,17379.0,4.24
芳,7,4.0,278.0,289.0,2.46
芹,7,8.0,218.0,64.0,1.81
虎,8,3.0,262.0,1745.0,3.24
表,8,4.0,260.0,31395.0,4.5
迎,7,11.0,220.0,9589.0,3.98
近,7,10.0,305.0,17330.0,4.24
返,7,2.0,262.0,1326.0,3.12
金,8,9.0,277.0,19210.0,4.28
长,4,2.0,261.0,42596.0,4.63
门,3,2.0,219.0,25908.0,4.41
阻,7,5.0,261.0,5382.0,3.73
阿,7,2.0,275.0,15489.0,4.19
陀,7,8.0,220.0,251.0,2.4
附,7,16.0,306.0,4227.0,3.63
雨,8,9.0,260.0,3189.0,3.5
青,8,9.0,278.0,3107.0,3.49
非,8,7.0,278.0,39443.0,4.6
亮,9,5.0,305.0,14157.0,4.15
侮,9,8.0,262.0,752.0,2.88
侯,9,3.0,219.0,217.0,2.34
侵,9,3.0,276.0,2205.0,3.34
便,9,7.0,305.0,13982.0,4.15
促,9,7.0,304.0,670.0,2.83
俄,9,9.0,219.0,3021.0,3.48
俊,9,6.0,304.0,927.0,2.97
俏,9,5.0,306.0,188.0,2.27
俐,9,,,57.0,1.76
俗,9,1.0,219.0,1194.0,3.08
俘,9,17.0,220.0,465.0,2.67
俚,9,9.0,262.0,71.0,1.85
保,9,5.0,261.0,39731.0,4.6
侠,8,12.0,219.0,1188.0,3.07
信,9,2.0,304.0,57928.0,4.76
冒,9,5.0,305.0,5729.0,3.76
冠,9,8.0,305.0,2997.0,3.48
剃,9,11.0,306.0,423.0,2.63
削,9,3.0,306.0,437.0,2.64
前,9,8.0,220.0,75236.0,4.88
刹,8,8.0,278.0,533.0,2.73
劲,7,10.0,305.0,3832.0,3.58
勃,9,15.0,220.0,1956.0,3.29
勇,9,12.0,260.0,3885.0,3.59
勉,9,5.0,261.0,310.0,2.49
南,9,5.0,217.0,6276.0,3.8
却,7,5.0,305.0,13707.0,4.14
厘,9,12.0,220.0,212.0,2.33
厚,9,4.0,305.0,1020.0,3.01
叛,9,6.0,305.0,3045.0,3.48
咬,9,4.0,262.0,2419.0,3.38
咭,9,,,,
咱,9,1.0,219.0,7352.0,3.87
咳,9,2.0,220.0,460.0,2.66
咽,9,14.0,306.0,340.0,2.53
哀,9,6.0,278.0,1019.0,3.01
品,9,1.0,262.0,14318.0,4.16
哄,9,1.0,261.0,430.0,2.63
哆,9,1.0,279.0,32.0,1.51
哎,8,6.0,278.0,1665.0,3.22
垂,8,6.0,218.0,668.0,2.82
型,9,5.0,220.0,7502.0,3.88
垮,9,1.0,261.0,690.0,2.84
城,9,11.0,220.0,10406.0,4.02
奏,9,3.0,304.0,2153.0,3.33
契,9,13.0,306.0,828.0,2.92
姣,9,14.0,277.0,6.0,0.78
姥,9,6.0,260.0,202.0,2.31
姨,9,16.0,220.0,1249.0,3.1
姪,9,,,4.0,0.6
姻,9,7.0,278.0,2245.0,3.35
姿,9,13.0,277.0,1548.0,3.19
威,9,4.0,278.0,11142.0,4.05
娃,9,1.0,220.0,2802.0,3.45
孩,9,3.0,220.0,62601.0,4.8
客,9,6.0,306.0,12810.0,4.11
宣,9,3.0,279.0,3934.0,3.59
室,9,29.0,306.0,19103.0,4.28
宦,9,,,4.0,0.6
封,9,9.0,277.0,5258.0,3.72
屋,9,6.0,278.0,6385.0,3.81
尸,3,10.0,278.0,7786.0,3.89
屏,9,11.0,217.0,883.0,2.95
巷,9,6.0,306.0,489.0,2.69
帝,9,10.0,306.0,15988.0,4.2
幽,9,6.0,278.0,1608.0,3.21
度,9,8.0,306.0,17384.0,4.24
建,8,19.0,305.0,9772.0,3.99
待,9,3.0,277.0,16314.0,4.21
徇,9,,,6.0,0.78
很,9,3.0,261.0,219622.0,5.34
律,9,5.0,305.0,12028.0,4.08
怎,9,1.0,259.0,129740.0,5.11
怒,9,1.0,305.0,2876.0,3.46
思,9,12.0,277.0,34855.0,4.54
怠,9,10.0,305.0,52.0,1.72
急,9,19.0,220.0,7604.0,3.88
怨,9,5.0,306.0,2077.0,3.32
恒,9,6.0,218.0,627.0,2.8
恍,9,3.0,261.0,95.0,1.98
恢,9,6.0,278.0,2243.0,3.35
恤,9,11.0,305.0,598.0,2.78
恨,9,1.0,305.0,4848.0,3.69
恪,9,,,44.0,1.64
恬,9,6.0,219.0,20.0,1.3
恰,9,3.0,304.0,1544.0,3.19
扁,9,2.0,261.0,641.0,2.81
拜,9,4.0,306.0,14722.0,4.17
括,9,6.0,277.0,2502.0,3.4
拭,9,29.0,306.0,170.0,2.23
拮,9,13.0,220.0,13.0,1.11
拯,9,2.0,261.0,2317.0,3.36
拱,9,4.0,261.0,148.0,2.17
拷,9,4.0,260.0,509.0,2.71
拼,9,1.0,278.0,2387.0,3.38
拾,9,10.0,220.0,2362.0,3.37
持,9,6.0,220.0,17301.0,4.24
指,9,11.0,262.0,22020.0,4.34
按,9,7.0,305.0,6831.0,3.83
挑,9,1.0,277.0,5673.0,3.75
挖,9,4.0,278.0,2184.0,3.34
政,9,5.0,305.0,8186.0,3.91
故,9,4.0,305.0,11435.0,4.06
施,9,10.0,278.0,3264.0,3.51
既,9,24.0,306.0,4023.0,3.6
星,9,6.0,278.0,20974.0,4.32
映,9,2.0,306.0,931.0,2.97
春,9,2.0,277.0,2060.0,3.31
昨,9,1.0,220.0,10063.0,4.0
是,9,29.0,306.0,1172098.0,6.07
枯,9,7.0,277.0,311.0,2.49
架,9,5.0,306.0,8023.0,3.9
枷,9,13.0,278.0,68.0,1.83
枸,9,3.0,261.0,16.0,1.2
柏,9,15.0,220.0,1343.0,3.13
某,9,2.0,261.0,10247.0,4.01
柑,9,7.0,276.0,43.0,1.63
染,9,2.0,260.0,3274.0,3.52
柔,9,3.0,218.0,1542.0,3.19
柚,9,11.0,306.0,56.0,1.75
查,9,6.0,219.0,31095.0,4.49
柱,9,10.0,306.0,551.0,2.74
柳,9,4.0,262.0,288.0,2.46
栅,9,5.0,306.0,277.0,2.44
柿,9,29.0,306.0,134.0,2.13
歪,9,1.0,276.0,583.0,2.77
殃,9,4.0,278.0,114.0,2.06
段,9,5.0,305.0,9577.0,3.98
毒,9,5.0,220.0,12056.0,4.08
泉,9,9.0,220.0,917.0,2.96
洋,9,7.0,220.0,2225.0,3.35
洗,9,6.0,262.0,8220.0,3.91
洞,9,6.0,305.0,2997.0,3.48
津,9,9.0,277.0,559.0,2.75
洪,9,8.0,219.0,453.0,2.66
汹,7,,,84.0,1.92
活,9,1.0,219.0,38236.0,4.58
洽,9,3.0,304.0,189.0,2.28
派,9,2.0,305.0,12704.0,4.1
流,10,10.0,220.0,11946.0,4.08
炫,9,5.0,305.0,531.0,2.73
炭,9,4.0,306.0,236.0,2.37
炮,9,3.0,306.0,1227.0,3.09
炸,9,5.0,306.0,7886.0,3.9
为,4,13.0,220.0,249231.0,5.4
牲,9,6.0,278.0,1880.0,3.27
狠,9,3.0,261.0,1719.0,3.24
狡,9,11.0,261.0,484.0,2.68
狩,9,9.0,305.0,250.0,2.4
玷,9,11.0,305.0,158.0,2.2
玻,9,7.0,278.0,1556.0,3.19
珊,9,12.0,277.0,643.0,2.81
珍,9,11.0,277.0,2983.0,3.47
甚,9,5.0,306.0,7600.0,3.88
界,9,8.0,306.0,15995.0,4.2
畏,9,13.0,306.0,717.0,2.86
疤,9,7.0,279.0,689.0,2.84
疫,9,37.0,306.0,883.0,2.95
皆,9,8.0,278.0,549.0,2.74
皇,9,11.0,219.0,2676.0,3.43
皈,9,9.0,277.0,37.0,1.57
盆,9,1.0,218.0,581.0,2.76
盈,9,11.0,220.0,198.0,2.3
相,9,7.0,278.0,47856.0,4.68
盼,9,6.0,305.0,600.0,2.78
盾,9,7.0,305.0,987.0,2.99
省,9,1.0,262.0,2285.0,3.36
眉,9,13.0,219.0,726.0,2.86
看,9,2.0,305.0,213974.0,5.33
矜,9,9.0,277.0,35.0,1.54
砂,9,8.0,278.0,141.0,2.15
砌,9,13.0,306.0,45.0,1.65
砍,9,6.0,261.0,1200.0,3.08
砒,9,,,24.0,1.38
研,9,14.0,220.0,4263.0,3.63
祈,8,23.0,220.0,2293.0,3.36
秋,9,5.0,277.0,1195.0,3.08
科,9,11.0,278.0,11967.0,4.08
秒,9,4.0,262.0,3925.0,3.59
穿,9,3.0,278.0,17175.0,4.23
突,9,8.0,220.0,7044.0,3.85
竿,9,7.0,276.0,149.0,2.17
纪,6,24.0,306.0,6916.0,3.84
约,6,2.0,276.0,22765.0,4.36
红,6,8.0,219.0,7485.0,3.87
美,9,6.0,261.0,45561.0,4.66
耍,9,1.0,260.0,2393.0,3.38
耐,9,4.0,304.0,1965.0,3.29
胃,9,13.0,306.0,1448.0,3.16
背,9,5.0,277.0,7930.0,3.9
胎,9,1.0,277.0,2470.0,3.39
胖,9,1.0,305.0,2272.0,3.36
胚,9,2.0,277.0,99.0,2.0
胞,9,5.0,277.0,1675.0,3.22
胡,9,10.0,220.0,5787.0,3.76
致,10,22.0,306.0,6199.0,3.79
舢,9,,,4.0,0.6
苗,8,3.0,220.0,511.0,2.71
苛,8,11.0,278.0,269.0,2.43
苟,8,3.0,261.0,180.0,2.26
若,8,5.0,303.0,2455.0,3.39
苦,8,1.0,261.0,7563.0,3.88
英,8,8.0,278.0,14246.0,4.15
茁,8,,,23.0,1.36
茂,8,5.0,305.0,118.0,2.07
茄,8,1.0,219.0,996.0,3.0
茅,8,5.0,219.0,207.0,2.32
茉,8,13.0,306.0,256.0,2.41
虐,9,1.0,303.0,954.0,2.98
衍,9,5.0,262.0,167.0,2.22
要,9,4.0,306.0,355730.0,5.55
订,4,5.0,305.0,2705.0,3.43
讣,4,,,103.0,2.01
计,4,24.0,306.0,34589.0,4.54
贞,6,11.0,277.0,630.0,2.8
负,6,16.0,306.0,7980.0,3.9
赴,9,16.0,306.0,535.0,2.73
趴,9,2.0,277.0,1739.0,3.24
轨,6,4.0,261.0,1191.0,3.08
军,6,5.0,276.0,15516.0,4.19
迥,8,,,30.0,1.48
迫,8,5.0,306.0,3159.0,3.5
述,8,10.0,306.0,2432.0,3.39
郊,8,14.0,277.0,431.0,2.63
酋,9,9.0,219.0,194.0,2.29
重,9,2.0,219.0,39372.0,4.6
陋,8,3.0,305.0,470.0,2.67
陌,8,13.0,306.0,1328.0,3.12
降,8,5.0,305.0,4045.0,3.61
限,8,12.0,306.0,3137.0,3.5
面,9,2.0,305.0,67015.0,4.83
革,9,9.0,220.0,1043.0,3.02
韭,9,6.0,261.0,8.0,0.9
音,9,7.0,278.0,18229.0,4.26
页,6,9.0,306.0,1442.0,3.16
风,4,9.0,277.0,13301.0,4.12
飞,3,7.0,278.0,15717.0,4.2
食,9,10.0,220.0,7168.0,3.86
首,9,3.0,261.0,12927.0,4.11
香,9,7.0,278.0,5724.0,3.76
乘,10,11.0,220.0,2310.0,3.36
修,9,5.0,277.0,7799.0,3.89
俯,10,11.0,262.0,304.0,2.48
俱,10,15.0,306.0,2656.0,3.42
俸,10,4.0,305.0,9.0,0.95
仓,4,4.0,276.0,1321.0,3.12
个,3,1.0,11.0,452923.0,5.66
倍,10,10.0,305.0,1900.0,3.28
倒,10,8.0,305.0,11875.0,4.07
倔,10,13.0,218.0,79.0,1.9
倘,10,4.0,262.0,42.0,1.62
候,10,4.0,305.0,58337.0,4.77
倚,10,8.0,262.0,85.0,1.93
借,10,8.0,306.0,5113.0,3.71
倡,10,,,109.0,2.04
倦,10,6.0,304.0,937.0,2.97
倩,10,6.0,306.0,83.0,1.92
伦,6,4.0,218.0,7904.0,3.9
值,10,12.0,220.0,7459.0,3.87
兼,10,16.0,277.0,696.0,2.84
冤,10,4.0,278.0,322.0,2.51
冥,10,7.0,219.0,467.0,2.67
准,10,3.0,259.0,30289.0,4.48
凋,10,6.0,277.0,68.0,1.83
凌,10,19.0,220.0,1313.0,3.12
冻,7,6.0,305.0,1620.0,3.21
剔,10,3.0,278.0,312.0,2.49
剖,10,1.0,260.0,509.0,2.71
刚,6,7.0,277.0,31325.0,4.5
剥,10,7.0,278.0,743.0,2.87
匪,10,6.0,262.0,820.0,2.91
原,10,15.0,220.0,21274.0,4.33
员,7,15.0,220.0,29907.0,4.48
哥,10,8.0,278.0,18845.0,4.28
哨,10,4.0,306.0,531.0,2.73
哪,9,2.0,261.0,59479.0,4.77
哭,10,7.0,277.0,4774.0,3.68
哮,10,15.0,277.0,297.0,2.47
哲,10,9.0,220.0,887.0,2.95
哺,10,5.0,260.0,92.0,1.96
哽,10,5.0,260.0,9.0,0.95
唆,10,6.0,276.0,154.0,2.19
唇,10,4.0,219.0,1212.0,3.08
唏,10,24.0,278.0,24.0,1.38
唐,10,12.0,220.0,1939.0,3.29
埋,10,2.0,219.0,2239.0,3.35
夏,10,4.0,305.0,3691.0,3.57
套,10,1.0,306.0,7409.0,3.87
奚,10,24.0,278.0,51.0,1.71
娘,10,1.0,218.0,9115.0,3.96
娱,10,42.0,276.0,925.0,2.97
孙,6,2.0,277.0,1239.0,3.09
宫,9,12.0,277.0,2421.0,3.38
宰,10,2.0,261.0,1046.0,3.02
害,10,5.0,306.0,25606.0,4.41
宴,10,14.0,306.0,1463.0,3.17
宵,10,15.0,277.0,456.0,2.66
家,10,13.0,278.0,112387.0,5.05
容,10,12.0,217.0,11265.0,4.05
射,10,7.0,306.0,7866.0,3.9
展,10,4.0,261.0,8372.0,3.92
峭,10,5.0,306.0,49.0,1.69
峰,10,9.0,277.0,748.0,2.87
岛,7,6.0,261.0,4154.0,3.62
峡,9,12.0,219.0,421.0,2.62
差,9,5.0,277.0,11112.0,4.05
师,6,10.0,278.0,21326.0,4.33
席,10,9.0,220.0,3105.0,3.49
座,10,5.0,304.0,5753.0,3.76
库,7,4.0,305.0,4752.0,3.68
庭,9,4.0,219.0,10044.0,4.0
弱,10,5.0,303.0,3499.0,3.54
径,8,12.0,305.0,1475.0,3.17
徒,10,8.0,220.0,3604.0,3.56
恐,10,2.0,261.0,8905.0,3.95
恕,10,10.0,306.0,1274.0,3.11
耻,10,5.0,262.0,1383.0,3.14
恩,10,2.0,276.0,13365.0,4.13
恭,10,12.0,277.0,3614.0,3.56
息,10,9.0,220.0,19106.0,4.28
悄,10,2.0,262.0,770.0,2.89
悦,10,9.0,304.0,668.0,2.82
悍,10,11.0,305.0,412.0,2.61
悔,10,3.0,262.0,2575.0,3.41
悟,10,13.0,306.0,398.0,2.6
扇,10,11.0,305.0,1325.0,3.12
拳,10,9.0,220.0,3299.0,3.52
拿,10,2.0,219.0,37054.0,4.57
挨,10,6.0,278.0,953.0,2.98
挪,9,2.0,218.0,878.0,2.94
挫,10,4.0,304.0,387.0,2.59
振,10,7.0,305.0,1381.0,3.14
挺,9,4.0,261.0,8004.0,3.9
挽,10,7.0,262.0,917.0,2.96
挟,9,12.0,220.0,181.0,2.26
捆,10,2.0,261.0,335.0,2.53
捉,10,3.0,276.0,1278.0,3.11
捍,10,11.0,305.0,161.0,2.21
捏,10,1.0,276.0,511.0,2.71
捐,10,3.0,276.0,1816.0,3.26
捕,10,5.0,260.0,5410.0,3.73
效,10,8.0,305.0,5768.0,3.76
料,10,5.0,305.0,8527.0,3.93
旁,10,3.0,219.0,3900.0,3.59
旅,10,7.0,261.0,6759.0,3.83
时,7,10.0,220.0,162611.0,5.21
晃,10,3.0,261.0,990.0,3.0
晋,10,10.0,305.0,910.0,2.96
书,4,12.0,278.0,13360.0,4.13
朗,10,1.0,261.0,2968.0,3.47
柴,10,3.0,218.0,601.0,2.78
栓,10,3.0,276.0,266.0,2.42
栗,10,23.0,306.0,290.0,2.46
校,10,8.0,305.0,13122.0,4.12
株,10,10.0,278.0,111.0,2.05
核,10,12.0,219.0,2786.0,3.44
根,10,2.0,276.0,18904.0,4.28
格,10,9.0,220.0,19477.0,4.29
栽,10,4.0,277.0,325.0,2.51
桂,10,3.0,305.0,240.0,2.38
桃,10,5.0,220.0,1219.0,3.09
桅,10,13.0,220.0,61.0,1.79
框,10,5.0,305.0,352.0,2.55
案,10,7.0,305.0,23014.0,4.36
桌,10,3.0,276.0,3653.0,3.56
桑,10,2.0,275.0,2366.0,3.37
梳,11,12.0,278.0,433.0,2.64
殉,10,7.0,305.0,134.0,2.13
殊,10,12.0,278.0,1731.0,3.24
殷,10,7.0,278.0,73.0,1.86
气,4,13.0,306.0,28334.0,4.45
氧,10,4.0,262.0,1134.0,3.05
浣,10,2.0,262.0,128.0,2.11
浩,10,8.0,304.0,535.0,2.73
浪,10,1.0,305.0,6911.0,3.84
浮,10,17.0,220.0,1015.0,3.01
浴,10,42.0,276.0,2223.0,3.35
海,10,2.0,262.0,16404.0,4.21
浸,10,10.0,305.0,402.0,2.6
消,10,15.0,277.0,18103.0,4.26
涉,10,7.0,306.0,1702.0,3.23
烈,10,8.0,304.0,2912.0,3.46
乌,4,6.0,278.0,2017.0,3.3
烘,10,4.0,277.0,326.0,2.51
烙,10,2.0,306.0,117.0,2.07
烤,10,4.0,260.0,2583.0,3.41
爹,10,1.0,276.0,1182.0,3.07
特,10,2.0,303.0,48225.0,4.68
狸,10,12.0,220.0,547.0,2.74
狭,9,12.0,219.0,235.0,2.37
狼,10,6.0,219.0,1762.0,3.25
珠,10,10.0,278.0,1970.0,3.29
班,10,8.0,277.0,11120.0,4.05
琉,11,10.0,220.0,73.0,1.86
留,10,10.0,220.0,21859.0,4.34
畜,10,4.0,306.0,669.0,2.83
疱,10,3.0,306.0,120.0,2.08
疲,10,8.0,220.0,943.0,2.97
疹,10,4.0,261.0,354.0,2.55
疼,10,5.0,217.0,3529.0,3.55
疾,10,19.0,220.0,1353.0,3.13
病,10,4.0,305.0,18032.0,4.26
症,10,9.0,277.0,4689.0,3.67
益,10,37.0,306.0,1750.0,3.24
真,10,11.0,277.0,140928.0,5.15
眨,9,2.0,262.0,438.0,2.64
眩,10,5.0,305.0,172.0,2.24
矩,9,6.0,262.0,1758.0,3.25
砧,10,11.0,277.0,31.0,1.49
破,10,5.0,306.0,10541.0,4.02
砸,10,2.0,219.0,3336.0,3.52
秘,10,8.0,306.0,8043.0,3.91
祖,9,5.0,261.0,2413.0,3.38
祛,9,10.0,277.0,30.0,1.48
祝,9,10.0,306.0,8531.0,3.93
神,9,2.0,220.0,22077.0,4.34
祠,9,9.0,219.0,10.0,1.0
租,10,1.0,277.0,4187.0,3.62
秧,10,4.0,278.0,12.0,1.08
秩,10,22.0,306.0,351.0,2.55
窄,10,1.0,261.0,173.0,2.24
窈,10,,,36.0,1.56
站,10,9.0,305.0,14330.0,4.16
笑,10,8.0,305.0,22282.0,4.35
粉,10,1.0,262.0,3634.0,3.56
紊,10,,,139.0,2.14
纹,7,6.0,220.0,3451.0,3.54
纳,7,5.0,305.0,8151.0,3.91
纽,7,4.0,261.0,5492.0,3.74
纾,7,12.0,278.0,8.0,0.9
纯,7,4.0,219.0,2224.0,3.35
纱,7,8.0,278.0,668.0,2.82
纸,7,11.0,262.0,5221.0,3.72
级,6,19.0,220.0,9893.0,4.0
纷,7,5.0,278.0,466.0,2.67
素,10,9.0,305.0,3715.0,3.57
纺,7,3.0,262.0,81.0,1.91
索,10,4.0,260.0,8632.0,3.94
缺,10,2.0,277.0,3186.0,3.5
羔,10,9.0,277.0,230.0,2.36
翅,10,7.0,306.0,597.0,2.78
耆,10,23.0,220.0,5.0,0.7
耕,10,4.0,276.0,115.0,2.06
耗,10,8.0,304.0,817.0,2.91
耽,10,3.0,277.0,545.0,2.74
耿,10,5.0,260.0,251.0,2.4
胭,10,,,15.0,1.18
胰,10,16.0,220.0,170.0,2.23
胳,10,8.0,278.0,956.0,2.98
胴,10,,,12.0,1.08
胸,10,4.0,276.0,3264.0,3.51
能,10,1.0,217.0,241617.0,5.38
脂,10,11.0,278.0,694.0,2.84
胁,8,12.0,220.0,3269.0,3.51
脆,10,9.0,304.0,1437.0,3.16
脉,9,13.0,306.0,1757.0,3.24
脊,10,6.0,262.0,560.0,2.75
臭,10,1.0,306.0,3448.0,3.54
航,10,3.0,217.0,3991.0,3.6
茗,9,7.0,219.0,3.0,0.48
茫,9,5.0,217.0,471.0,2.67
茯,9,,,,
茴,9,2.0,220.0,42.0,1.62
茶,9,6.0,219.0,2089.0,3.32
茹,9,5.0,219.0,58.0,1.76
草,9,1.0,261.0,3811.0,3.58
荆,9,14.0,277.0,65.0,1.81
荒,9,2.0,277.0,2284.0,3.36
荔,9,23.0,306.0,9.0,0.95
虔,10,8.0,220.0,267.0,2.43
蚊,10,6.0,220.0,192.0,2.28
蚌,10,7.0,305.0,32.0,1.51
衰,10,2.0,277.0,811.0,2.91
衷,10,6.0,277.0,662.0,2.82
讯,5,7.0,305.0,2547.0,3.41
讨,5,1.0,262.0,10151.0,4.01
训,5,7.0,305.0,5113.0,3.71
记,5,24.0,306.0,39008.0,4.59
岂,6,5.0,262.0,169.0,2.23
豺,10,3.0,218.0,62.0,1.79
财,7,4.0,220.0,3305.0,3.52
贡,7,2.0,305.0,664.0,2.82
起,10,5.0,262.0,127575.0,5.11
辱,10,4.0,305.0,1776.0,3.25
迷,9,8.0,220.0,8172.0,3.91
迸,9,4.0,305.0,62.0,1.79
追,9,4.0,276.0,7908.0,3.9
退,9,1.0,305.0,8121.0,3.91
送,9,5.0,305.0,17550.0,4.24
逃,9,5.0,220.0,9009.0,3.95
逆,9,5.0,305.0,556.0,2.75
郡,9,6.0,304.0,898.0,2.95
酌,10,11.0,218.0,58.0,1.76
配,10,3.0,305.0,5475.0,3.74
酒,10,6.0,261.0,21171.0,4.33
钉,7,4.0,277.0,1080.0,3.03
针,7,11.0,277.0,3118.0,3.49
闪,5,1.0,261.0,3410.0,3.53
陛,9,,,1183.0,3.07
陡,9,2.0,261.0,62.0,1.79
院,9,5.0,306.0,13564.0,4.13
阵,6,7.0,305.0,2429.0,3.39
除,9,6.0,220.0,16235.0,4.21
饥,5,22.0,278.0,612.0,2.79
马,3,4.0,262.0,34892.0,4.54
骨,9,7.0,261.0,5311.0,3.73
高,10,9.0,277.0,40044.0,4.6
鬼,9,4.0,261.0,14646.0,4.17
乾,11,8.0,220.0,106.0,2.03
假,11,5.0,306.0,12808.0,4.11
伟,6,10.0,262.0,2985.0,3.47
偌,10,5.0,303.0,72.0,1.86
偏,11,3.0,276.0,2042.0,3.31
偕,11,12.0,220.0,49.0,1.69
做,11,5.0,304.0,136328.0,5.13
停,11,4.0,219.0,19564.0,4.29
健,10,19.0,305.0,4146.0,3.62
侧,8,5.0,303.0,1407.0,3.15
侦,8,11.0,277.0,2536.0,3.4
偶,11,4.0,262.0,4495.0,3.65
偷,11,1.0,277.0,10591.0,4.02
伪,6,13.0,306.0,1821.0,3.26
兜,11,3.0,277.0,843.0,2.93
剪,11,14.0,261.0,2064.0,3.31
副,11,16.0,306.0,3750.0,3.57
勒,11,4.0,304.0,6193.0,3.79
动,6,6.0,305.0,49274.0,4.69
勘,11,2.0,305.0,140.0,2.15
务,5,13.0,306.0,13515.0,4.13
匙,11,6.0,220.0,3958.0,3.6
匾,11,,,1.0,0.0
匿,10,5.0,305.0,615.0,2.79
区,4,10.0,277.0,11770.0,4.07
参,8,2.0,277.0,13574.0,4.13
售,11,9.0,305.0,1984.0,3.3
唯,11,13.0,220.0,9451.0,3.98
唱,11,2.0,306.0,11922.0,4.08
啄,11,11.0,218.0,84.0,1.92
商,11,4.0,277.0,6928.0,3.84
问,6,3.0,306.0,64375.0,4.81
啜,11,3.0,304.0,31.0,1.49
哑,9,2.0,263.0,331.0,2.52
启,7,5.0,262.0,2475.0,3.39
啤,11,8.0,220.0,2484.0,3.4
圈,11,2.0,278.0,3847.0,3.59
国,8,4.0,220.0,40712.0,4.61
执,6,12.0,220.0,4020.0,3.6
培,11,5.0,219.0,1218.0,3.09
基,11,22.0,278.0,13428.0,4.13
堂,11,12.0,220.0,5777.0,3.76
坚,7,16.0,277.0,6717.0,3.83
堆,11,1.0,276.0,2888.0,3.46
堵,11,4.0,262.0,974.0,2.99
够,11,5.0,305.0,23259.0,4.37
奢,11,2.0,278.0,387.0,2.59
娶,11,3.0,261.0,1112.0,3.05
娼,11,3.0,278.0,110.0,2.04
婀,10,,,6.0,0.78
婆,11,3.0,220.0,5323.0,3.73
婉,11,7.0,262.0,159.0,2.2
婊,11,4.0,260.0,2847.0,3.45
婚,11,3.0,277.0,19494.0,4.29
婢,11,25.0,306.0,16.0,1.2
妇,6,16.0,306.0,3850.0,3.59
宿,11,2.0,261.0,1334.0,3.13
寂,11,19.0,220.0,715.0,2.85
寄,11,24.0,306.0,2697.0,3.43
寅,11,6.0,220.0,5.0,0.7
密,11,8.0,306.0,15201.0,4.18
将,9,8.0,277.0,30460.0,4.48
专,4,2.0,277.0,7712.0,3.89
屙,10,,,,
屠,11,8.0,220.0,998.0,3.0
崇,11,2.0,219.0,1020.0,3.01
崎,11,23.0,220.0,277.0,2.44
崖,11,5.0,221.0,305.0,2.48
岗,7,7.0,277.0,607.0,2.78
崛,11,,,77.0,1.89
崩,11,3.0,277.0,1246.0,3.1
巢,11,3.0,219.0,419.0,2.62
帐,7,8.0,305.0,2467.0,3.39
带,9,10.0,305.0,45283.0,4.66
常,11,4.0,220.0,46383.0,4.67
庵,11,6.0,277.0,7.0,0.85
庶,11,10.0,306.0,11.0,1.04
康,11,4.0,276.0,4721.0,3.67
庸,11,2.0,278.0,378.0,2.58
张,7,5.0,277.0,18739.0,4.27
强,12,5.0,220.0,15755.0,4.2
彗,11,15.0,306.0,133.0,2.12
彩,11,4.0,262.0,5381.0,3.73
彪,11,8.0,276.0,86.0,1.93
得,11,1.0,259.0,208054.0,5.32
徘,11,,,159.0,2.2
徙,11,6.0,262.0,61.0,1.79
从,4,3.0,218.0,69789.0,4.84
御,12,42.0,276.0,630.0,2.8
悉,11,24.0,278.0,1478.0,3.17
悠,11,6.0,278.0,722.0,2.86
患,11,6.0,306.0,1540.0,3.19
您,11,1.0,217.0,17561.0,4.24
怅,7,,,11.0,1.04
悸,11,24.0,306.0,59.0,1.77
悻,11,,,2.0,0.3
悼,11,8.0,305.0,420.0,2.62
凄,10,10.0,278.0,121.0,2.08
情,11,3.0,220.0,69279.0,4.84
惆,11,,,5.0,0.7
惋,11,,,65.0,1.81
惘,11,,,49.0,1.69
惜,11,9.0,220.0,2384.0,3.38
惟,11,13.0,220.0,128.0,2.11
惦,11,11.0,305.0,122.0,2.09
捧,11,1.0,262.0,274.0,2.44
捷,11,13.0,220.0,800.0,2.9
掀,11,6.0,278.0,230.0,2.36
扫,6,2.0,260.0,2796.0,3.45
授,11,9.0,305.0,2896.0,3.46
掉,11,5.0,305.0,23820.0,4.38
掏,11,5.0,278.0,470.0,2.67
掐,11,1.0,276.0,382.0,2.58
排,11,3.0,219.0,10684.0,4.03
掘,11,13.0,218.0,810.0,2.91
挣,9,9.0,277.0,1814.0,3.26
挂,9,2.0,305.0,3913.0,3.59
掠,11,2.0,303.0,292.0,2.47
采,8,4.0,262.0,3150.0,3.5
探,11,4.0,306.0,12125.0,4.08
接,11,8.0,278.0,37114.0,4.57
控,11,1.0,305.0,11866.0,4.07
推,11,1.0,277.0,6553.0,3.82
掩,11,5.0,262.0,2286.0,3.36
措,11,4.0,304.0,1182.0,3.07
叙,9,11.0,305.0,366.0,2.56
敏,11,5.0,260.0,2718.0,3.43
救,11,11.0,305.0,20423.0,4.31
败,8,4.0,306.0,6462.0,3.81
教,11,7.0,305.0,21768.0,4.34
敝,11,25.0,306.0,15.0,1.18
斜,11,12.0,220.0,403.0,2.61
斩,8,4.0,261.0,219.0,2.34
旋,11,4.0,219.0,1420.0,3.15
族,11,4.0,219.0,4959.0,3.7
晚,11,7.0,262.0,50512.0,4.7
昼,9,5.0,306.0,63.0,1.8
晤,11,13.0,306.0,147.0,2.17
晦,11,15.0,306.0,83.0,1.92
晨,11,8.0,218.0,2163.0,3.34
望,11,4.0,305.0,36791.0,4.57
桶,11,3.0,262.0,1435.0,3.16
杆,7,7.0,260.0,1300.0,3.11
梅,11,13.0,219.0,2978.0,3.47
梗,11,5.0,260.0,101.0,2.0
条,7,3.0,219.0,18134.0,4.26
枭,8,15.0,277.0,102.0,2.01
梨,11,12.0,220.0,272.0,2.43
梯,11,3.0,278.0,2443.0,3.39
弃,7,13.0,306.0,7845.0,3.89
欲,11,42.0,276.0,2515.0,3.4
杀,6,8.0,278.0,47122.0,4.67
毫,11,6.0,218.0,4785.0,3.68
氢,9,9.0,278.0,220.0,2.34
液,11,9.0,306.0,2872.0,3.46
涵,11,5.0,219.0,155.0,2.19
凉,10,4.0,219.0,1023.0,3.01
淋,11,9.0,217.0,1241.0,3.09
淑,11,5.0,220.0,418.0,2.62
淘,11,5.0,220.0,3002.0,3.48
泪,8,2.0,306.0,1268.0,3.1
淡,11,10.0,305.0,1031.0,3.01
淤,11,42.0,276.0,198.0,2.3
净,8,12.0,305.0,3065.0,3.49
沦,7,4.0,218.0,232.0,2.37
淫,11,6.0,220.0,848.0,2.93
深,11,10.0,278.0,8271.0,3.92
淳,11,4.0,219.0,116.0,2.06
渊,11,4.0,278.0,205.0,2.31
混,11,2.0,305.0,14032.0,4.15
淹,11,5.0,278.0,593.0,2.77
浅,8,4.0,262.0,728.0,2.86
添,11,2.0,277.0,845.0,2.93
清,11,9.0,278.0,21660.0,4.34
烹,11,5.0,278.0,301.0,2.48
烽,11,,,22.0,1.34
焉,11,5.0,278.0,167.0,2.22
焊,11,11.0,305.0,171.0,2.23
爽,11,1.0,260.0,2566.0,3.41
牵,9,12.0,278.0,1693.0,3.23
猖,11,,,40.0,1.6
狰,9,,,17.0,1.23
猛,11,4.0,261.0,1386.0,3.14
猜,11,1.0,278.0,9953.0,4.0
猝,11,7.0,304.0,26.0,1.41
率,11,2.0,305.0,2879.0,3.46
现,8,12.0,306.0,137777.0,5.14
球,11,9.0,219.0,24351.0,4.39
理,11,9.0,262.0,41099.0,4.61
瓶,10,11.0,217.0,3303.0,3.52
瓷,10,9.0,219.0,332.0,2.52
甜,11,6.0,219.0,5726.0,3.76
产,6,4.0,260.0,8264.0,3.92
毕,6,25.0,306.0,4624.0,3.67
略,11,2.0,303.0,2210.0,3.34
异,6,37.0,306.0,4933.0,3.69
疏,12,12.0,278.0,823.0,2.92
痊,11,9.0,220.0,195.0,2.29
痔,11,22.0,306.0,46.0,1.66
痕,11,1.0,219.0,2316.0,3.36
皎,11,,,11.0,1.04
盒,11,12.0,219.0,2706.0,3.43
盔,11,3.0,277.0,517.0,2.71
盛,11,5.0,306.0,2683.0,3.43
眷,11,6.0,304.0,138.0,2.14
眺,11,2.0,305.0,22.0,1.34
眼,11,5.0,262.0,19247.0,4.28
众,6,2.0,305.0,7370.0,3.87
着,11,11.0,218.0,117476.0,5.07
硫,12,10.0,220.0,269.0,2.43
祥,10,3.0,220.0,369.0,2.57
票,11,1.0,305.0,12689.0,4.1
祭,11,24.0,306.0,560.0,2.75
移,11,16.0,220.0,4845.0,3.69
窒,11,22.0,306.0,427.0,2.63
竟,11,12.0,305.0,5425.0,3.73
章,11,5.0,277.0,3560.0,3.55
笛,11,9.0,220.0,460.0,2.66
符,11,17.0,220.0,2209.0,3.34
笨,11,1.0,305.0,3993.0,3.6
第,11,10.0,306.0,40665.0,4.61
粒,11,23.0,306.0,636.0,2.8
粗,11,1.0,276.0,1709.0,3.23
粘,11,6.0,219.0,957.0,2.98
累,11,3.0,262.0,3208.0,3.51
细,8,6.0,306.0,6194.0,3.79
绅,8,10.0,278.0,754.0,2.88
绍,8,4.0,306.0,2811.0,3.45
终,8,6.0,277.0,11114.0,4.05
组,8,5.0,261.0,11486.0,4.06
绊,8,7.0,305.0,358.0,2.55
统,9,3.0,262.0,13355.0,4.13
羚,11,19.0,220.0,88.0,1.94
羞,10,5.0,277.0,2136.0,3.33
翌,11,37.0,306.0,22.0,1.34
习,3,9.0,220.0,8048.0,3.91
聆,11,19.0,220.0,243.0,2.39
聊,11,8.0,219.0,7323.0,3.86
脖,11,15.0,220.0,1330.0,3.12
脱,11,4.0,278.0,7945.0,3.9
舵,11,7.0,305.0,182.0,2.26
船,11,3.0,220.0,9979.0,4.0
荷,10,12.0,219.0,1745.0,3.24
荼,10,8.0,220.0,34.0,1.53
庄,6,4.0,276.0,1168.0,3.07
苋,7,12.0,306.0,1.0,0.0
莫,10,13.0,306.0,4987.0,3.7
莽,10,2.0,261.0,280.0,2.45
处,5,4.0,306.0,28742.0,4.46
蚯,11,,,34.0,1.53
蚱,11,,,57.0,1.76
蛀,11,10.0,306.0,52.0,1.72
蛆,11,10.0,277.0,86.0,1.93
蛇,11,3.0,220.0,1676.0,3.22
蛋,11,10.0,305.0,19135.0,4.28
术,5,10.0,306.0,12844.0,4.11
袋,11,10.0,305.0,5787.0,3.76
袒,10,4.0,262.0,107.0,2.03
袖,10,6.0,305.0,1162.0,3.07
袪,10,,,,
被,10,10.0,305.0,70119.0,4.85
规,8,9.0,277.0,7030.0,3.85
觅,8,8.0,306.0,177.0,2.25
讹,6,9.0,219.0,23.0,1.36
讼,6,5.0,305.0,705.0,2.85
诀,6,13.0,218.0,275.0,2.44
访,6,3.0,262.0,3050.0,3.48
设,6,7.0,306.0,9056.0,3.96
许,6,1.0,261.0,44190.0,4.65
豉,11,,,5.0,0.7
贫,8,4.0,220.0,873.0,2.94
货,8,14.0,305.0,5929.0,3.77
贩,8,6.0,306.0,1470.0,3.17
贪,8,5.0,278.0,726.0,2.86
贯,8,8.0,305.0,486.0,2.69
责,8,6.0,217.0,10100.0,4.0
赦,11,7.0,306.0,425.0,2.63
趾,11,11.0,262.0,560.0,2.75
軚,11,,,,
软,8,4.0,259.0,2239.0,3.35
逍,10,,,413.0,2.62
透,10,1.0,305.0,4390.0,3.64
逐,10,5.0,220.0,1663.0,3.22
途,10,8.0,220.0,2728.0,3.44
逗,10,6.0,305.0,1148.0,3.06
这,7,2.0,306.0,633842.0,5.8
通,10,3.0,278.0,26617.0,4.43
逛,10,1.0,305.0,993.0,3.0
逝,10,29.0,306.0,781.0,2.89
逞,10,1.0,262.0,355.0,2.55
速,10,9.0,305.0,6275.0,3.8
造,10,6.0,305.0,11461.0,4.06
逢,10,3.0,219.0,388.0,2.59
连,7,7.0,219.0,11517.0,4.06
部,10,12.0,304.0,34796.0,4.54
都,10,3.0,277.0,180587.0,5.26
酗,11,11.0,305.0,494.0,2.69
野,11,4.0,262.0,4775.0,3.68
钓,8,5.0,305.0,1086.0,3.04
闭,6,25.0,306.0,10059.0,4.0
陪,10,5.0,219.0,7005.0,3.85
阴,6,7.0,278.0,3255.0,3.51
陈,7,8.0,218.0,1461.0,3.16
陵,10,19.0,220.0,128.0,2.11
陶,10,5.0,220.0,709.0,2.85
陷,10,12.0,306.0,3142.0,3.5
陆,7,13.0,305.0,2197.0,3.34
雀,11,5.0,305.0,400.0,2.6
雪,11,2.0,262.0,3731.0,3.57
顶,8,3.0,261.0,5080.0,3.71
顷,8,2.0,262.0,30.0,1.48
鱼,8,42.0,276.0,7224.0,3.86
鸟,5,2.0,260.0,3408.0,3.53
卤,7,6.0,261.0,35.0,1.54
鹿,11,13.0,305.0,814.0,2.91
麦,7,3.0,305.0,7500.0,3.88
麻,11,2.0,220.0,11963.0,4.08
傀,11,,,110.0,2.04
傍,12,7.0,305.0,132.0,2.12
杰,8,13.0,220.0,13140.0,4.12
伞,6,2.0,261.0,768.0,2.89
备,8,10.0,305.0,27669.0,4.44
凯,8,4.0,260.0,7371.0,3.87
剩,12,5.0,306.0,5308.0,3.72
割,12,8.0,278.0,1534.0,3.19
创,6,1.0,306.0,4667.0,3.67
勋,9,5.0,277.0,725.0,2.86
胜,9,5.0,306.0,6512.0,3.81
劳,7,5.0,220.0,4575.0,3.66
博,12,15.0,220.0,9033.0,3.96
唾,11,2.0,306.0,251.0,2.4
啼,12,11.0,220.0,119.0,2.08
善,12,11.0,305.0,5091.0,3.71
喇,12,1.0,262.0,285.0,2.45
喉,12,3.0,219.0,950.0,2.98
喊,12,2.0,261.0,2156.0,3.33
喑,12,,,1.0,0.0
喘,12,2.0,262.0,842.0,2.93
唤,10,6.0,306.0,1371.0,3.14
喜,12,6.0,262.0,54432.0,4.74
喝,12,6.0,305.0,16744.0,4.22
喧,12,3.0,279.0,110.0,2.04
丧,8,2.0,275.0,2034.0,3.31
乔,6,6.0,220.0,6652.0,3.82
单,8,11.0,305.0,18894.0,4.28
喻,12,42.0,276.0,591.0,2.77
围,7,13.0,220.0,5906.0,3.77
堡,12,5.0,261.0,2722.0,3.43
堤,12,11.0,220.0,173.0,2.24
堪,12,3.0,277.0,1331.0,3.12
报,7,7.0,305.0,21904.0,4.34
场,6,3.0,262.0,34746.0,4.54
壶,10,10.0,220.0,383.0,2.58
奠,12,11.0,305.0,70.0,1.85
媒,12,13.0,219.0,1787.0,3.25
孱,12,7.0,218.0,16.0,1.2
富,12,16.0,306.0,4061.0,3.61
寒,12,5.0,219.0,620.0,2.79
寓,12,42.0,276.0,2876.0,3.46
尊,12,5.0,275.0,4525.0,3.66
寻,6,8.0,219.0,5832.0,3.77
就,12,11.0,305.0,313793.0,5.5
嵌,12,12.0,278.0,157.0,2.2
帽,12,5.0,305.0,2508.0,3.4
幅,12,17.0,220.0,1274.0,3.11
几,2,6.0,262.0,29152.0,4.46
厕,8,3.0,305.0,1856.0,3.27
厢,11,7.0,278.0,515.0,2.71
复,9,16.0,306.0,13041.0,4.12
循,12,8.0,219.0,667.0,2.82
悲,12,5.0,277.0,3867.0,3.59
闷,7,1.0,277.0,1183.0,3.07
惠,12,15.0,306.0,1040.0,3.02
恶,10,2.0,261.0,12445.0,4.09
惰,12,7.0,305.0,110.0,2.04
恼,9,3.0,261.0,1188.0,3.07
惶,12,11.0,219.0,172.0,2.24
惺,12,6.0,278.0,156.0,2.19
愉,12,42.0,276.0,2644.0,3.42
愕,12,14.0,305.0,9.0,0.95
惬,11,,,81.0,1.91
愣,12,2.0,304.0,100.0,2.0
慨,12,2.0,306.0,577.0,2.76
捶,11,6.0,218.0,49.0,1.69
掌,12,2.0,261.0,4370.0,3.64
掣,12,6.0,305.0,43.0,1.63
掰,12,1.0,278.0,158.0,2.2
拣,8,14.0,261.0,220.0,2.34
揉,12,3.0,218.0,157.0,2.2
描,11,3.0,220.0,2242.0,3.35
提,12,11.0,220.0,24028.0,4.38
插,12,5.0,277.0,2597.0,3.41
扬,6,7.0,220.0,1414.0,3.15
换,10,6.0,306.0,9989.0,4.0
握,12,7.0,305.0,3193.0,3.5
揣,12,1.0,260.0,113.0,2.05
揩,12,3.0,276.0,34.0,1.53
揪,12,3.0,277.0,185.0,2.27
揭,12,8.0,278.0,1706.0,3.23
挥,9,6.0,278.0,3793.0,3.58
援,12,15.0,220.0,2269.0,3.36
揶,11,,,13.0,1.11
摒,12,4.0,305.0,55.0,1.74
敞,12,3.0,262.0,619.0,2.79
敢,11,7.0,260.0,10588.0,4.02
散,12,1.0,305.0,4211.0,3.62
敦,12,4.0,277.0,1858.0,3.27
斑,12,8.0,277.0,657.0,2.82
斯,12,12.0,277.0,61882.0,4.79
普,12,5.0,262.0,8777.0,3.94
景,12,9.0,261.0,3764.0,3.58
晴,12,3.0,220.0,259.0,2.41
晶,12,14.0,277.0,811.0,2.91
智,12,22.0,306.0,4349.0,3.64
晾,12,5.0,305.0,97.0,1.99
暑,12,9.0,262.0,475.0,2.68
曾,12,5.0,276.0,11274.0,4.05
替,12,11.0,306.0,5759.0,3.76
最,12,3.0,304.0,75999.0,4.88
朝,12,3.0,277.0,3629.0,3.56
期,12,23.0,220.0,18143.0,4.26
棉,12,3.0,219.0,597.0,2.78
棋,12,23.0,220.0,665.0,2.82
棍,12,1.0,304.0,1366.0,3.14
棒,12,7.0,305.0,20010.0,4.3
棕,12,5.0,277.0,905.0,2.96
枣,8,5.0,261.0,25.0,1.4
棘,12,19.0,220.0,403.0,2.61
棚,12,9.0,220.0,531.0,2.73
栋,9,6.0,305.0,1093.0,3.04
森,12,1.0,275.0,6955.0,3.84
棱,12,1.0,220.0,76.0,1.88
栖,10,10.0,278.0,164.0,2.21
棺,12,7.0,277.0,610.0,2.79
椅,12,8.0,262.0,2116.0,3.33
植,12,12.0,220.0,1827.0,3.26
桠,10,,,1.0,0.0
欺,12,10.0,278.0,2114.0,3.33
钦,9,3.0,276.0,200.0,2.3
款,12,1.0,260.0,3486.0,3.54
殖,12,12.0,220.0,524.0,2.72
残,9,3.0,219.0,3409.0,3.53
毯,12,4.0,262.0,1172.0,3.07
氯,12,5.0,305.0,233.0,2.37
涣,10,6.0,306.0,15.0,1.18
减,11,14.0,261.0,2748.0,3.44
渠,11,1.0,221.0,229.0,2.36
渡,12,8.0,306.0,1089.0,3.04
渣,12,3.0,278.0,600.0,2.78
涡,10,4.0,277.0,149.0,2.17
测,9,5.0,303.0,6709.0,3.83
港,12,1.0,261.0,1244.0,3.09
渲,12,5.0,305.0,26.0,1.41
渴,12,2.0,262.0,1646.0,3.22
游,12,8.0,220.0,12371.0,4.09
渺,12,4.0,262.0,245.0,2.39
浑,9,2.0,219.0,826.0,2.92
凑,11,1.0,303.0,675.0,2.83
湍,12,1.0,277.0,31.0,1.49
湖,12,10.0,220.0,1671.0,3.22
涌,10,12.0,260.0,375.0,2.57
湮,12,,,42.0,1.62
汤,6,3.0,278.0,4519.0,3.66
滋,12,13.0,277.0,1188.0,3.07
焙,12,10.0,305.0,37.0,1.57
焚,12,2.0,220.0,302.0,2.48
无,4,9.0,220.0,50908.0,4.71
焦,12,14.0,277.0,1481.0,3.17
然,12,3.0,218.0,91514.0,4.96
煮,12,7.0,262.0,821.0,2.91
牌,12,3.0,219.0,5872.0,3.77
犀,12,24.0,278.0,175.0,2.24
猥,12,,,153.0,2.18
猩,12,6.0,278.0,685.0,2.84
猴,12,3.0,219.0,1320.0,3.12
犹,7,8.0,220.0,3086.0,3.49
琢,12,11.0,218.0,230.0,2.36
琥,12,3.0,262.0,44.0,1.64
琴,12,8.0,218.0,1955.0,3.29
琵,12,8.0,220.0,36.0,1.56
苏,7,3.0,277.0,4462.0,3.65
番,12,3.0,278.0,1138.0,3.06
画,8,5.0,305.0,7877.0,3.9
痉,10,12.0,305.0,164.0,2.21
痛,12,2.0,306.0,8963.0,3.95
酸,14,1.0,276.0,1527.0,3.18
痢,12,23.0,306.0,32.0,1.51
登,12,3.0,277.0,5456.0,3.74
发,5,3.0,277.0,87630.0,4.94
盗,11,8.0,305.0,2653.0,3.42
睇,12,10.0,306.0,1.0,0.0
短,12,1.0,261.0,4871.0,3.69
硝,12,15.0,277.0,171.0,2.23
硬,12,2.0,306.0,3248.0,3.51
砚,9,,,5.0,0.7
稀,12,24.0,278.0,649.0,2.81
税,12,3.0,304.0,1301.0,3.11
程,12,11.0,220.0,10184.0,4.01
稍,12,6.0,278.0,3604.0,3.56
窗,12,2.0,278.0,3573.0,3.55
窘,12,3.0,259.0,101.0,2.0
竣,12,,,7.0,0.85
童,12,9.0,220.0,3421.0,3.53
笔,10,5.0,262.0,5687.0,3.75
等,12,1.0,261.0,71184.0,4.85
筋,12,9.0,277.0,728.0,2.86
答,12,4.0,220.0,11907.0,4.08
策,12,5.0,303.0,2376.0,3.38
粟,12,9.0,305.0,50.0,1.7
粢,12,,,,
紫,12,6.0,261.0,741.0,2.87
结,9,13.0,220.0,32979.0,4.52
绝,9,13.0,218.0,16004.0,4.2
绞,9,11.0,261.0,390.0,2.59
绚,9,5.0,305.0,42.0,1.62
给,9,1.0,259.0,123887.0,5.09
绒,9,12.0,217.0,400.0,2.6
絮,12,11.0,305.0,115.0,2.06
丝,5,12.0,277.0,6698.0,3.83
肃,8,9.0,305.0,938.0,2.97
胀,8,8.0,305.0,320.0,2.51
脾,12,8.0,220.0,1026.0,3.01
腋,12,9.0,306.0,85.0,1.93
腌,12,3.0,276.0,159.0,2.2
肾,8,5.0,306.0,794.0,2.9
腔,12,2.0,278.0,996.0,3.0
腕,12,4.0,306.0,624.0,2.8
舒,12,12.0,278.0,3635.0,3.56
菁,11,14.0,277.0,14.0,1.15
菊,11,6.0,220.0,248.0,2.39
菌,11,6.0,304.0,1021.0,3.01
菜,11,2.0,306.0,4069.0,3.61
菠,11,7.0,278.0,200.0,2.3
菩,11,9.0,220.0,104.0,2.02
华,6,5.0,219.0,7527.0,3.88
菱,11,19.0,220.0,29.0,1.46
萃,11,9.0,304.0,98.0,1.99
萌,11,5.0,219.0,88.0,1.94
萎,11,10.0,262.0,166.0,2.22
著,11,10.0,306.0,2734.0,3.44
虚,11,8.0,277.0,2370.0,3.37
蛔,12,,,15.0,1.18
蛙,12,4.0,278.0,442.0,2.65
蛟,12,14.0,277.0,5.0,0.7
蛤,12,9.0,220.0,200.0,2.3
街,12,8.0,278.0,8599.0,3.93
裁,12,4.0,220.0,1972.0,3.29
裂,12,8.0,304.0,2049.0,3.31
视,8,29.0,306.0,15581.0,4.19
诉,7,9.0,305.0,65753.0,4.82
诊,7,4.0,261.0,2337.0,3.37
证,7,5.0,305.0,30165.0,4.48
诋,7,,,90.0,1.95
诈,7,5.0,306.0,957.0,2.98
诏,7,7.0,305.0,5.0,0.7
评,7,11.0,217.0,6455.0,3.81
诅,7,5.0,261.0,934.0,2.97
词,7,9.0,219.0,7178.0,3.86
咏,8,12.0,260.0,125.0,2.1
象,11,6.0,306.0,17007.0,4.23
貂,12,6.0,277.0,112.0,2.05
贮,8,7.0,262.0,75.0,1.88
贵,9,3.0,305.0,3682.0,3.57
贬,8,2.0,261.0,196.0,2.29
买,6,1.0,261.0,18045.0,4.26
贷,9,10.0,305.0,746.0,2.87
费,9,8.0,306.0,12016.0,4.08
贴,9,3.0,276.0,2216.0,3.35
贸,9,5.0,305.0,383.0,2.58
贺,9,6.0,305.0,2097.0,3.32
趁,12,3.0,304.0,992.0,3.0
超,12,3.0,277.0,11589.0,4.06
越,12,9.0,304.0,12031.0,4.08
跋,12,,,91.0,1.96
跌,12,9.0,218.0,634.0,2.8
跑,12,1.0,262.0,15495.0,4.19
跛,12,1.0,262.0,80.0,1.9
距,11,15.0,306.0,1821.0,3.26
轴,9,1.0,220.0,319.0,2.5
轶,9,,,48.0,1.68
辜,12,,,1839.0,3.26
逮,11,10.0,305.0,3247.0,3.51
进,7,10.0,305.0,55676.0,4.75
逸,11,37.0,306.0,392.0,2.59
邮,7,8.0,220.0,2666.0,3.43
乡,3,7.0,278.0,2509.0,3.4
酣,12,4.0,279.0,20.0,1.3
酥,12,3.0,277.0,231.0,2.36
量,12,5.0,305.0,12973.0,4.11
钝,9,7.0,305.0,390.0,2.59
钩,9,3.0,277.0,677.0,2.83
钞,9,3.0,277.0,621.0,2.79
钮,9,4.0,261.0,563.0,2.75
钧,9,5.0,276.0,26.0,1.41
钙,9,3.0,305.0,113.0,2.05
开,4,3.0,276.0,126802.0,5.1
闰,7,2.0,303.0,6.0,0.78
闲,7,9.0,220.0,2002.0,3.3
间,7,16.0,277.0,60047.0,4.78
阳,6,7.0,220.0,4200.0,3.62
隆,11,8.0,217.0,1725.0,3.24
队,4,5.0,304.0,27111.0,4.43
阶,6,8.0,278.0,1535.0,3.19
雄,12,2.0,218.0,3641.0,3.56
雅,12,2.0,263.0,3113.0,3.49
集,12,19.0,220.0,11403.0,4.06
云,4,3.0,219.0,1609.0,3.21
韧,7,6.0,305.0,168.0,2.23
项,9,6.0,306.0,5537.0,3.74
顺,9,2.0,304.0,6884.0,3.84
须,9,8.0,277.0,19946.0,4.3
饭,7,6.0,306.0,10037.0,4.0
饮,7,5.0,262.0,1811.0,3.26
黄,11,11.0,219.0,3694.0,3.57
黑,12,3.0,275.0,13220.0,4.12
乱,7,1.0,304.0,8384.0,3.92
催,13,3.0,276.0,914.0,2.96
傲,12,4.0,305.0,2748.0,3.44
传,6,3.0,220.0,13084.0,4.12
债,10,2.0,305.0,1180.0,3.07
伤,6,4.0,277.0,22147.0,4.35
傻,13,1.0,262.0,7842.0,3.89
倾,10,9.0,278.0,1781.0,3.25
仅,4,6.0,261.0,7927.0,3.9
铲,11,4.0,260.0,474.0,2.68
剿,13,11.0,261.0,21.0,1.32
募,12,12.0,304.0,491.0,2.69
势,8,29.0,306.0,4547.0,3.66
勤,13,8.0,218.0,1110.0,3.05
汇,5,15.0,306.0,1737.0,3.24
嗅,13,6.0,305.0,334.0,2.52
呛,7,1.0,306.0,197.0,2.29
吗,6,3.0,278.0,253338.0,5.4
嗓,13,2.0,261.0,658.0,2.82
呜,7,6.0,278.0,607.0,2.78
嗜,13,29.0,306.0,309.0,2.49
园,7,15.0,220.0,5748.0,3.76
圆,10,15.0,220.0,1825.0,3.26
塌,13,7.0,277.0,768.0,2.89
塑,13,9.0,305.0,1284.0,3.11
涂,10,8.0,220.0,1984.0,3.3
塞,13,6.0,303.0,5309.0,3.73
填,13,6.0,219.0,1358.0,3.13
奥,12,4.0,305.0,8689.0,3.94
媲,13,,,42.0,1.62
媳,13,9.0,220.0,107.0,2.03
妈,6,3.0,278.0,79529.0,4.9
嫁,13,5.0,306.0,2163.0,3.34
嫂,12,2.0,260.0,106.0,2.03
嫉,13,19.0,220.0,1298.0,3.11
嫌,13,9.0,220.0,3209.0,3.51
廉,13,7.0,219.0,1417.0,3.15
弑,12,29.0,306.0,23.0,1.36
彷,7,3.0,219.0,50.0,1.7
微,13,13.0,220.0,4453.0,3.65
想,13,4.0,262.0,247453.0,5.39
惹,12,2.0,260.0,3253.0,3.51
愁,13,6.0,220.0,433.0,2.64
愈,13,42.0,276.0,1158.0,3.06
意,13,37.0,306.0,103354.0,5.01
愚,13,42.0,276.0,2721.0,3.43
爱,10,7.0,306.0,65256.0,4.81
感,13,7.0,260.0,61054.0,4.79
愧,12,5.0,305.0,926.0,2.97
慈,13,9.0,219.0,2088.0,3.32
慌,12,2.0,277.0,1318.0,3.12
慎,13,5.0,306.0,728.0,2.86
损,10,2.0,259.0,2774.0,3.44
搏,13,15.0,220.0,939.0,2.97
搓,12,4.0,276.0,99.0,2.0
搔,12,4.0,276.0,52.0,1.72
摇,13,9.0,220.0,3589.0,3.55
捣,10,6.0,261.0,701.0,2.85
搜,12,5.0,275.0,4219.0,3.63
搞,13,3.0,261.0,18599.0,4.27
搬,13,8.0,277.0,5365.0,3.73
搭,12,5.0,278.0,4736.0,3.68
搵,13,,,,
抢,7,2.0,262.0,4907.0,3.69
搽,12,6.0,219.0,34.0,1.53
敬,12,12.0,305.0,3844.0,3.58
斟,13,11.0,277.0,67.0,1.83
新,13,9.0,276.0,35497.0,4.55
晕,10,1.0,277.0,1697.0,3.23
暖,13,1.0,259.0,1680.0,3.23
暗,13,7.0,305.0,5176.0,3.71
会,6,15.0,306.0,321488.0,5.51
椰,12,3.0,220.0,290.0,2.46
杨,7,7.0,220.0,323.0,2.51
枫,8,9.0,277.0,137.0,2.14
楞,13,2.0,304.0,16.0,1.2
业,5,9.0,306.0,13928.0,4.14
极,7,19.0,220.0,11391.0,4.06
楷,13,4.0,260.0,49.0,1.69
概,13,3.0,305.0,5532.0,3.74
歇,13,3.0,278.0,1522.0,3.18
岁,6,8.0,305.0,12744.0,4.11
殿,13,11.0,305.0,1372.0,3.14
毁,13,3.0,262.0,7225.0,3.86
毽,12,,,2.0,0.3
溏,13,12.0,220.0,3.0,0.48
源,13,15.0,220.0,3568.0,3.55
溜,13,2.0,278.0,1731.0,3.24
沟,7,3.0,277.0,927.0,2.97
溢,13,37.0,306.0,295.0,2.47
溪,13,24.0,278.0,322.0,2.51
温,12,2.0,278.0,4828.0,3.68
溯,13,9.0,305.0,177.0,2.25
溶,13,12.0,217.0,282.0,2.45
溺,13,5.0,305.0,364.0,2.56
沧,7,4.0,276.0,40.0,1.6
灭,5,3.0,304.0,3546.0,3.55
滑,12,5.0,219.0,3523.0,3.55
炼,9,7.0,305.0,813.0,2.91
煎,13,16.0,277.0,820.0,2.91
烟,10,5.0,278.0,5276.0,3.72
煞,13,2.0,306.0,193.0,2.29
煤,13,13.0,219.0,461.0,2.66
照,13,7.0,305.0,24253.0,4.38
烦,10,10.0,220.0,12442.0,4.09
煲,13,7.0,305.0,35.0,1.54
爷,6,3.0,220.0,4461.0,3.65
猿,13,15.0,220.0,188.0,2.27
狮,9,10.0,278.0,905.0,2.96
瑕,13,12.0,219.0,187.0,2.27
瑜,13,42.0,276.0,273.0,2.44
瑟,13,6.0,303.0,3364.0,3.53
当,6,3.0,277.0,80228.0,4.9
畸,13,22.0,278.0,147.0,2.17
痱,13,8.0,306.0,10.0,1.0
痳,13,,,,
痴,13,6.0,278.0,4061.0,3.61
瘀,13,42.0,276.0,190.0,2.28
盟,13,5.0,219.0,1847.0,3.27
睁,11,9.0,277.0,1331.0,3.12
督,13,2.0,278.0,2282.0,3.36
睦,13,12.0,304.0,117.0,2.07
睪,13,9.0,277.0,11.0,1.04
睫,13,,,172.0,2.24
矮,13,3.0,262.0,884.0,2.95
碉,13,,,62.0,1.79
碎,13,8.0,305.0,3520.0,3.55
碑,13,5.0,277.0,351.0,2.55
碗,13,7.0,262.0,1145.0,3.06
碘,13,4.0,261.0,51.0,1.71
碰,13,1.0,306.0,7601.0,3.88
禁,13,10.0,305.0,3705.0,3.57
禽,12,8.0,218.0,411.0,2.61
稚,13,22.0,306.0,337.0,2.53
禀,13,7.0,261.0,58.0,1.76
稠,13,6.0,220.0,42.0,1.62
筲,13,6.0,278.0,1.0,0.0
筷,13,7.0,303.0,92.0,1.96
节,5,13.0,220.0,17377.0,4.24
粤,12,9.0,304.0,11.0,1.04
绢,10,6.0,304.0,78.0,1.89
绑,9,4.0,261.0,3810.0,3.58
经,8,14.0,277.0,80207.0,4.9
罩,13,7.0,305.0,1260.0,3.1
罪,13,3.0,304.0,14242.0,4.15
置,13,22.0,306.0,9009.0,3.95
署,13,9.0,262.0,1227.0,3.09
群,13,2.0,217.0,4880.0,3.69
羡,12,12.0,306.0,297.0,2.47
义,3,37.0,306.0,9488.0,3.98
圣,5,5.0,306.0,12173.0,4.09
聘,13,2.0,306.0,455.0,2.66
肆,13,11.0,305.0,319.0,2.5
腥,13,6.0,278.0,372.0,2.57
脑,10,3.0,261.0,13934.0,4.14
肿,8,4.0,261.0,1176.0,3.07
腮,13,3.0,276.0,76.0,1.88
腰,13,8.0,278.0,1198.0,3.08
脚,11,11.0,261.0,7454.0,3.87
肠,7,4.0,220.0,1566.0,3.19
腹,13,16.0,306.0,873.0,2.94
舅,13,11.0,305.0,585.0,2.77
万,3,4.0,306.0,18335.0,4.26
落,12,7.0,305.0,10041.0,4.0
叶,5,9.0,306.0,1525.0,3.18
葡,12,9.0,220.0,1098.0,3.04
董,12,2.0,261.0,941.0,2.97
葫,12,10.0,220.0,54.0,1.73
葬,12,4.0,304.0,1988.0,3.3
葱,12,5.0,276.0,390.0,2.59
葵,12,5.0,219.0,212.0,2.33
虏,8,6.0,261.0,213.0,2.33
号,5,8.0,304.0,21571.0,4.33
蜕,13,3.0,304.0,49.0,1.69
蜂,13,9.0,277.0,1413.0,3.15
蜈,13,,,16.0,1.2
衙,13,5.0,221.0,21.0,1.32
裙,12,2.0,217.0,1782.0,3.25
补,7,5.0,260.0,3604.0,3.56
装,12,4.0,276.0,17633.0,4.25
解,13,4.0,262.0,36622.0,4.56
询,8,8.0,219.0,1432.0,3.16
试,8,29.0,306.0,26846.0,4.43
诗,8,10.0,278.0,1734.0,3.24
诧,8,3.0,305.0,41.0,1.61
诟,8,,,3.0,0.48
诡,8,4.0,261.0,868.0,2.94
诠,8,9.0,220.0,155.0,2.19
话,8,5.0,305.0,99879.0,5.0
该,8,1.0,277.0,80641.0,4.91
详,8,3.0,220.0,1172.0,3.07
诙,8,,,27.0,1.43
诛,8,10.0,278.0,14.0,1.15
夸,6,1.0,277.0,1406.0,3.15
诚,8,11.0,220.0,3699.0,3.57
贿,10,15.0,306.0,599.0,2.78
资,10,13.0,277.0,7880.0,3.9
贼,10,1.0,217.0,1065.0,3.03
跟,13,2.0,276.0,67347.0,4.83
迹,9,22.0,278.0,5466.0,3.74
跨,13,3.0,305.0,642.0,2.81
跪,13,3.0,305.0,783.0,2.89
路,13,13.0,305.0,23462.0,4.37
跳,13,2.0,305.0,14132.0,4.15
躲,13,3.0,261.0,3583.0,3.55
较,10,7.0,305.0,4137.0,3.62
载,10,3.0,305.0,2197.0,3.34
辟,13,25.0,306.0,109.0,2.04
农,6,4.0,218.0,2255.0,3.35
逼,12,2.0,278.0,3090.0,3.49
逾,12,42.0,276.0,99.0,2.0
遁,12,7.0,305.0,28.0,1.45
遂,12,8.0,305.0,189.0,2.28
遇,12,42.0,276.0,8029.0,3.9
运,7,6.0,305.0,18965.0,4.28
遍,12,3.0,304.0,4770.0,3.68
过,6,1.0,306.0,198278.0,5.3
遏,12,14.0,305.0,65.0,1.81
遐,12,12.0,219.0,31.0,1.49
道,12,8.0,305.0,230531.0,5.36
达,6,4.0,220.0,16413.0,4.22
违,7,13.0,220.0,2348.0,3.37
酬,13,6.0,220.0,671.0,2.83
釉,12,11.0,306.0,12.0,1.08
铃,10,19.0,220.0,1397.0,3.15
钳,10,8.0,220.0,266.0,2.42
铅,10,12.0,278.0,454.0,2.66
闸,8,3.0,220.0,189.0,2.28
隔,12,9.0,220.0,2609.0,3.42
陨,9,3.0,263.0,291.0,2.46
零,13,19.0,220.0,2337.0,3.37
雷,13,4.0,220.0,9848.0,3.99
电,5,11.0,305.0,60278.0,4.78
靴,13,2.0,278.0,685.0,2.84
靶,13,2.0,263.0,246.0,2.39
颂,10,5.0,305.0,253.0,2.4
预,10,42.0,276.0,7358.0,3.87
顽,10,6.0,220.0,518.0,2.71
颁,10,8.0,277.0,515.0,2.71
顿,10,7.0,305.0,9106.0,3.96
饲,8,11.0,305.0,118.0,2.07
饱,8,5.0,261.0,744.0,2.87
饰,8,29.0,306.0,1873.0,3.27
驰,6,6.0,220.0,331.0,2.52
驯,6,8.0,219.0,323.0,2.51
鼎,12,3.0,261.0,169.0,2.23
鼓,13,7.0,261.0,2726.0,3.44
鼠,13,9.0,262.0,2619.0,3.42
像,13,6.0,306.0,71186.0,4.85
侨,8,6.0,220.0,15.0,1.18
僚,14,8.0,219.0,289.0,2.46
侥,8,,,126.0,2.1
僧,14,1.0,275.0,153.0,2.18
僭,14,19.0,305.0,6.0,0.78
雇,12,4.0,305.0,4898.0,3.69
凳,14,5.0,305.0,402.0,2.6
厌,6,14.0,306.0,7519.0,3.88
嘀,14,9.0,220.0,153.0,2.18
叹,5,4.0,306.0,480.0,2.68
嘈,14,4.0,219.0,52.0,1.72
嘉,14,13.0,278.0,935.0,2.97
喽,12,3.0,219.0,784.0,2.89
呕,7,4.0,262.0,635.0,2.8
尝,9,4.0,220.0,4665.0,3.67
图,8,8.0,220.0,10910.0,4.04
团,6,1.0,217.0,9748.0,3.99
尘,6,8.0,218.0,976.0,2.99
境,14,12.0,305.0,4514.0,3.65
垫,9,11.0,305.0,1103.0,3.04
墓,13,12.0,304.0,1449.0,3.16
寿,7,9.0,305.0,676.0,2.83
梦,11,2.0,305.0,11083.0,4.04
夺,6,4.0,219.0,2672.0,3.43
嫖,14,2.0,219.0,105.0,2.02
嫡,14,9.0,220.0,13.0,1.11
嫣,14,,,,
嫦,14,,,3.0,0.48
嫩,14,1.0,303.0,349.0,2.54
孵,14,8.0,278.0,114.0,2.06
察,14,6.0,219.0,16540.0,4.22
寡,14,2.0,261.0,487.0,2.69
寝,13,1.0,262.0,170.0,2.23
寥,14,8.0,219.0,46.0,1.66
实,8,10.0,220.0,57010.0,4.76
宁,5,5.0,217.0,2523.0,3.4
寨,14,2.0,305.0,154.0,2.19
对,5,5.0,304.0,191793.0,5.28
屡,12,7.0,261.0,93.0,1.97
崭,11,4.0,261.0,277.0,2.44
幕,13,12.0,304.0,2616.0,3.42
币,4,25.0,306.0,1239.0,3.09
弊,14,25.0,306.0,542.0,2.73
彰,14,5.0,277.0,107.0,2.03
彻,7,6.0,305.0,2605.0,3.42
态,8,7.0,305.0,6133.0,3.79
惨,11,1.0,261.0,2232.0,3.35
惭,11,3.0,219.0,178.0,2.25
慢,14,7.0,305.0,8810.0,3.94
惯,11,8.0,305.0,2765.0,3.44
悭,10,,,,
慵,14,,,20.0,1.3
慷,14,4.0,276.0,526.0,2.72
截,14,13.0,220.0,1200.0,3.08
摔,14,2.0,277.0,2137.0,3.33
摘,14,9.0,220.0,750.0,2.88
搂,12,2.0,261.0,162.0,2.21
摧,14,3.0,276.0,990.0,3.0
摸,13,1.0,278.0,2739.0,3.44
掺,11,12.0,277.0,271.0,2.43
撇,14,1.0,260.0,387.0,2.59
撤,15,6.0,305.0,2275.0,3.36
敲,14,3.0,278.0,2037.0,3.31
斡,14,7.0,305.0,20.0,1.3
旗,14,23.0,220.0,1108.0,3.04
畅,8,2.0,306.0,668.0,2.82
榕,14,,,8.0,0.9
榛,14,11.0,277.0,24.0,1.38
榜,14,4.0,261.0,591.0,2.77
榨,14,5.0,306.0,243.0,2.39
荣,9,12.0,217.0,4688.0,3.67
榴,14,10.0,220.0,284.0,2.45
构,8,5.0,305.0,2583.0,3.41
枪,8,2.0,278.0,21732.0,4.34
槐,13,4.0,218.0,13.0,1.11
杠,7,1.0,305.0,194.0,2.29
歉,14,6.0,306.0,25447.0,4.41
歌,14,8.0,278.0,13868.0,4.14
殒,11,3.0,263.0,14.0,1.15
滞,12,22.0,306.0,206.0,2.31
渗,11,5.0,306.0,291.0,2.46
滴,14,4.0,278.0,1091.0,3.04
滚,13,2.0,260.0,7213.0,3.86
满,13,2.0,261.0,11463.0,4.06
渔,11,42.0,276.0,332.0,2.52
漂,14,3.0,277.0,11710.0,4.07
漆,14,10.0,278.0,736.0,2.87
漏,14,3.0,305.0,1931.0,3.29
演,14,5.0,262.0,23373.0,4.37
漠,13,13.0,306.0,1009.0,3.0
汉,5,11.0,305.0,4874.0,3.69
涟,10,,,24.0,1.38
漩,14,4.0,219.0,65.0,1.81
漫,14,7.0,305.0,3273.0,3.51
漱,14,10.0,306.0,110.0,2.04
涨,10,8.0,305.0,519.0,2.72
渐,11,19.0,305.0,1188.0,3.07
煽,14,12.0,277.0,190.0,2.28
熄,14,9.0,220.0,400.0,2.6
熊,14,2.0,218.0,2306.0,3.36
熏,14,5.0,277.0,561.0,2.75
荧,9,11.0,220.0,160.0,2.2
熔,14,12.0,217.0,261.0,2.42
狱,9,42.0,276.0,8440.0,3.93
琐,11,4.0,260.0,240.0,2.38
玛,7,4.0,262.0,6597.0,3.82
瑰,13,9.0,277.0,691.0,2.84
甄,13,,,38.0,1.58
疑,14,16.0,220.0,9259.0,3.97
疯,9,9.0,277.0,14752.0,4.17
疟,8,,,67.0,1.83
尽,6,10.0,305.0,15462.0,4.19
监,10,16.0,277.0,10947.0,4.04
睡,13,3.0,304.0,14599.0,4.16
睾,14,9.0,277.0,277.0,2.44
睿,14,5.0,304.0,91.0,1.96
瞄,13,3.0,220.0,799.0,2.9
碟,14,9.0,218.0,671.0,2.83
碧,14,25.0,306.0,574.0,2.76
硕,11,10.0,220.0,280.0,2.45
碳,14,4.0,306.0,426.0,2.63
磁,14,9.0,219.0,1157.0,3.06
祸,11,14.0,305.0,1751.0,3.24
福,13,17.0,220.0,8073.0,3.91
种,9,4.0,261.0,42396.0,4.63
称,10,2.0,278.0,6188.0,3.79
窝,12,4.0,277.0,973.0,2.99
竭,14,13.0,220.0,826.0,2.92
端,14,1.0,277.0,2113.0,3.32
算,14,2.0,304.0,28149.0,4.45
管,14,2.0,261.0,29106.0,4.46
粽,14,2.0,305.0,10.0,1.0
精,14,14.0,277.0,13848.0,4.14
综,11,5.0,277.0,647.0,2.81
绿,11,5.0,305.0,2312.0,3.36
绸,11,6.0,220.0,187.0,2.27
维,11,13.0,220.0,12745.0,4.11
纲,7,7.0,277.0,112.0,2.05
网,6,4.0,261.0,5948.0,3.77
绮,11,5.0,262.0,23.0,1.36
绽,11,9.0,305.0,138.0,2.14
绰,11,3.0,304.0,324.0,2.51
绵,11,3.0,219.0,432.0,2.64
紧,10,6.0,261.0,14372.0,4.16
绯,11,7.0,278.0,158.0,2.2
罚,9,5.0,219.0,2516.0,3.4
翠,14,9.0,304.0,445.0,2.65
聚,14,15.0,306.0,4585.0,3.66
闻,9,6.0,220.0,7786.0,3.89
肇,14,,,143.0,2.16
腐,14,11.0,262.0,1209.0,3.08
膀,14,4.0,261.0,1274.0,3.11
膈,14,9.0,220.0,25.0,1.4
膏,14,9.0,277.0,734.0,2.87
与,3,9.0,260.0,17262.0,4.24
舔,14,2.0,261.0,669.0,2.83
舞,14,8.0,262.0,22832.0,4.36
蒙,13,5.0,219.0,4498.0,3.65
蒜,13,2.0,304.0,303.0,2.48
莅,10,,,32.0,1.51
蒟,13,6.0,262.0,2.0,0.3
蒸,13,9.0,277.0,541.0,2.73
苍,7,4.0,276.0,677.0,2.83
蓄,13,11.0,305.0,581.0,2.76
盖,11,3.0,305.0,4414.0,3.64
蜘,14,11.0,278.0,769.0,2.89
蜜,14,8.0,306.0,2405.0,3.38
蜥,14,24.0,278.0,207.0,2.32
蜷,14,9.0,220.0,68.0,1.83
蜻,14,9.0,278.0,68.0,1.83
蜿,14,,,16.0,1.2
蚀,9,10.0,220.0,276.0,2.44
裨,13,,,7.0,0.85
裸,13,1.0,261.0,1513.0,3.18
裹,14,3.0,262.0,869.0,2.94
认,4,6.0,305.0,54322.0,4.73
诳,9,2.0,219.0,2.0,0.3
誓,14,29.0,306.0,4929.0,3.69
诱,9,11.0,306.0,1731.0,3.24
语,9,9.0,260.0,10813.0,4.03
诫,9,8.0,306.0,159.0,2.2
诬,9,9.0,220.0,130.0,2.11
误,9,13.0,306.0,7098.0,3.85
诵,9,5.0,305.0,158.0,2.2
说,9,1.0,276.0,281841.0,5.45
豪,14,6.0,218.0,2507.0,3.4
貌,14,5.0,305.0,1933.0,3.29
赈,11,7.0,305.0,1.0,0.0
赊,11,2.0,278.0,33.0,1.52
宾,10,5.0,275.0,2536.0,3.4
赫,14,6.0,305.0,1731.0,3.24
赶,10,7.0,260.0,9252.0,3.97
辅,11,11.0,262.0,666.0,2.82
轻,9,9.0,278.0,11563.0,4.06
辣,14,6.0,304.0,2300.0,3.36
遥,13,9.0,220.0,1413.0,3.15
逊,9,7.0,305.0,2075.0,3.32
递,10,10.0,306.0,1400.0,3.15
远,7,1.0,262.0,21547.0,4.33
遣,13,4.0,262.0,561.0,2.75
鄙,13,5.0,262.0,821.0,2.91
酵,14,8.0,305.0,66.0,1.82
酷,14,4.0,305.0,5303.0,3.72
银,11,6.0,220.0,4885.0,3.69
铜,11,9.0,220.0,420.0,2.62
铭,11,7.0,219.0,322.0,2.51
衔,11,9.0,220.0,401.0,2.6
阁,9,9.0,220.0,1672.0,3.22
闺,9,9.0,277.0,130.0,2.11
隙,12,6.0,306.0,168.0,2.23
际,7,24.0,306.0,7355.0,3.87
障,13,8.0,305.0,2089.0,3.32
雌,14,9.0,219.0,221.0,2.34
需,14,8.0,277.0,46611.0,4.67
颇,11,3.0,262.0,297.0,2.47
领,11,2.0,262.0,8170.0,3.91
饺,9,11.0,261.0,90.0,1.95
饼,9,7.0,261.0,4137.0,3.62
驳,7,15.0,220.0,457.0,2.66
肮,8,3.0,276.0,658.0,2.82
骰,13,1.0,261.0,121.0,2.08
魁,13,5.0,219.0,183.0,2.26
魂,13,2.0,219.0,4389.0,3.64
凤,4,4.0,305.0,478.0,2.68
鸣,8,7.0,219.0,548.0,2.74
鼻,14,1.0,220.0,2373.0,3.38
齐,6,23.0,220.0,1671.0,3.22
僵,15,8.0,277.0,990.0,3.0
价,6,5.0,306.0,8767.0,3.94
僻,15,3.0,306.0,243.0,2.39
仪,5,16.0,220.0,2427.0,3.39
俭,9,14.0,261.0,43.0,1.63
剧,10,15.0,306.0,8407.0,3.92
劈,15,7.0,278.0,217.0,2.34
刘,6,10.0,220.0,448.0,2.65
剑,9,19.0,305.0,1538.0,3.19
厉,5,23.0,306.0,2901.0,3.46
哗,9,5.0,219.0,135.0,2.13
唠,10,5.0,220.0,344.0,2.54
嘲,15,3.0,219.0,1137.0,3.06
嘴,16,1.0,260.0,12089.0,4.08
嘶,15,12.0,277.0,112.0,2.05
嘹,15,,,1.0,0.0
嘘,14,8.0,277.0,2333.0,3.37
喷,12,1.0,276.0,1883.0,3.27
坠,7,3.0,304.0,1045.0,3.02
增,15,5.0,276.0,2270.0,3.36
墟,14,,,172.0,2.24
墨,15,13.0,306.0,3159.0,3.5
堕,11,7.0,305.0,665.0,2.82
坟,7,2.0,220.0,631.0,2.8
妩,7,,,21.0,1.32
娴,10,9.0,220.0,54.0,1.73
嬉,15,24.0,278.0,328.0,2.52
娇,9,14.0,277.0,281.0,2.45
审,8,2.0,262.0,6285.0,3.8
写,5,2.0,262.0,16083.0,4.21
宽,10,2.0,276.0,1795.0,3.25
层,7,1.0,218.0,3807.0,3.58
履,15,7.0,261.0,410.0,2.61
厨,12,6.0,220.0,2898.0,3.46
厮,14,12.0,277.0,187.0,2.27
庙,8,2.0,306.0,298.0,2.47
厂,2,3.0,262.0,2077.0,3.32
废,8,8.0,306.0,3755.0,3.57
广,3,2.0,261.0,4896.0,3.69
弹,11,10.0,305.0,11460.0,4.06
影,15,3.0,262.0,16924.0,4.23
德,15,3.0,218.0,27149.0,4.43
慕,14,12.0,304.0,698.0,2.84
慧,15,15.0,306.0,858.0,2.93
怂,8,4.0,261.0,66.0,1.82
慰,15,13.0,306.0,1344.0,3.13
庆,6,3.0,306.0,2882.0,3.46
忧,7,6.0,278.0,1048.0,3.02
憎,15,5.0,276.0,509.0,2.71
怜,8,19.0,220.0,4027.0,3.6
憔,15,,,51.0,1.71
愤,12,6.0,306.0,1861.0,3.27
憧,15,3.0,277.0,60.0,1.78
摩,15,8.0,220.0,5516.0,3.74
挚,10,22.0,306.0,373.0,2.57
摹,14,8.0,220.0,21.0,1.32
捞,10,1.0,278.0,420.0,2.62
撑,15,2.0,278.0,1475.0,3.17
撒,15,2.0,277.0,7095.0,3.85
撕,15,12.0,277.0,1127.0,3.05
撞,15,4.0,304.0,4230.0,3.63
拨,8,7.0,278.0,1617.0,3.21
撩,15,8.0,219.0,53.0,1.72
抚,7,11.0,262.0,1215.0,3.08
撬,15,5.0,306.0,287.0,2.46
播,15,2.0,306.0,4854.0,3.69
撮,15,4.0,276.0,122.0,2.09
撰,15,2.0,305.0,110.0,2.04
扑,5,4.0,278.0,950.0,2.98
敌,10,9.0,220.0,3691.0,3.57
敷,15,8.0,278.0,245.0,2.39
数,13,9.0,262.0,14754.0,4.17
暂,12,9.0,305.0,2571.0,3.41
暮,14,12.0,304.0,72.0,1.86
昵,9,5.0,305.0,142.0,2.15
暴,15,7.0,305.0,5596.0,3.75
乐,5,9.0,304.0,26456.0,4.42
梁,11,4.0,219.0,376.0,2.58
楼,13,3.0,219.0,9176.0,3.96
标,9,8.0,276.0,9572.0,3.98
枢,8,12.0,278.0,116.0,2.06
樟,15,,,13.0,1.11
模,14,8.0,220.0,8644.0,3.94
样,10,4.0,306.0,161409.0,5.21
欧,8,7.0,278.0,3677.0,3.57
毅,15,,,142.0,2.15
殴,8,7.0,278.0,391.0,2.59
浆,10,8.0,277.0,708.0,2.85
泼,8,2.0,278.0,588.0,2.77
洁,9,13.0,220.0,2163.0,3.34
潜,15,8.0,220.0,2589.0,3.41
润,10,2.0,303.0,749.0,2.87
潦,15,4.0,262.0,71.0,1.85
潮,15,3.0,219.0,1485.0,3.17
溃,12,5.0,305.0,1064.0,3.03
澄,15,11.0,220.0,243.0,2.39
浇,9,14.0,277.0,360.0,2.56
澎,15,9.0,220.0,56.0,1.75
涧,10,,,1.0,0.0
熟,15,5.0,220.0,4472.0,3.65
熨,15,6.0,305.0,148.0,2.17
熬,14,8.0,219.0,1014.0,3.01
热,10,1.0,304.0,10701.0,4.03
奖,9,4.0,261.0,5791.0,3.76
璀,15,1.0,262.0,31.0,1.49
瘟,14,2.0,278.0,261.0,2.42
疮,9,2.0,278.0,163.0,2.21
瘦,14,9.0,305.0,902.0,2.96
皱,10,5.0,306.0,430.0,2.63
盘,11,4.0,219.0,4299.0,3.63
眯,11,4.0,262.0,51.0,1.71
瞌,15,11.0,278.0,114.0,2.06
瞎,15,2.0,277.0,1674.0,3.22
瞑,15,,,17.0,1.23
确,12,5.0,305.0,34030.0,4.53
码,8,4.0,262.0,8906.0,3.95
碾,15,5.0,261.0,177.0,2.25
磅,15,7.0,305.0,1339.0,3.13
磋,14,4.0,276.0,29.0,1.46
磐,15,4.0,219.0,57.0,1.76
磕,15,11.0,278.0,299.0,2.48
稻,15,8.0,305.0,208.0,2.32
稿,15,3.0,261.0,860.0,2.93
穷,7,4.0,217.0,1429.0,3.16
箭,15,19.0,305.0,1291.0,3.11
箱,15,7.0,278.0,5936.0,3.77
箴,15,,,35.0,1.54
范,9,6.0,306.0,3037.0,3.48
篆,15,,,,
篇,15,3.0,276.0,1538.0,3.19
糅,15,,,16.0,1.2
糊,15,10.0,220.0,2040.0,3.31
缄,12,16.0,277.0,76.0,1.88
线,8,12.0,306.0,15170.0,4.18
缉,12,13.0,306.0,672.0,2.83
缎,12,5.0,305.0,64.0,1.81
缔,12,10.0,306.0,66.0,1.82
缘,12,15.0,220.0,1650.0,3.22
编,12,5.0,277.0,4831.0,3.68
缓,12,2.0,262.0,1150.0,3.06
缅,12,5.0,261.0,229.0,2.36
纬,7,10.0,262.0,130.0,2.11
练,8,7.0,305.0,9125.0,3.96
骂,9,2.0,306.0,973.0,2.99
罢,10,4.0,307.0,2056.0,3.31
肤,8,8.0,278.0,1874.0,3.27
膜,14,13.0,306.0,662.0,2.82
膝,15,24.0,278.0,1029.0,3.01
胶,10,14.0,277.0,1514.0,3.18
铺,12,3.0,306.0,997.0,3.0
蓬,13,9.0,220.0,351.0,2.55
莲,10,7.0,219.0,843.0,2.93
蔑,14,3.0,304.0,202.0,2.31
蔓,14,7.0,305.0,279.0,2.45
蔗,14,2.0,306.0,67.0,1.83
蔚,14,13.0,306.0,59.0,1.77
蔬,15,12.0,278.0,361.0,2.56
蔽,14,25.0,306.0,466.0,2.67
蝌,15,,,38.0,1.58
蝗,15,11.0,219.0,34.0,1.53
蝙,15,5.0,277.0,451.0,2.65
虾,9,2.0,277.0,730.0,2.86
蝴,15,,,446.0,2.65
蜗,13,6.0,277.0,81.0,1.91
卫,3,13.0,306.0,7327.0,3.86
褐,14,12.0,219.0,253.0,2.4
褒,15,5.0,277.0,73.0,1.86
褓,14,,,11.0,1.04
诞,8,10.0,305.0,5446.0,3.74
谁,10,1.0,217.0,52864.0,4.72
课,10,6.0,306.0,5285.0,3.72
诽,10,6.0,262.0,166.0,2.22
调,10,5.0,305.0,14539.0,4.16
谄,10,4.0,260.0,15.0,1.18
谈,10,8.0,220.0,35703.0,4.55
请,10,2.0,262.0,39590.0,4.6
谅,10,5.0,305.0,3654.0,3.56
论,6,1.0,304.0,15732.0,4.2
诸,10,10.0,278.0,954.0,2.98
豌,15,4.0,278.0,104.0,2.02
竖,9,10.0,306.0,312.0,2.49
猪,11,10.0,278.0,3020.0,3.48
赐,12,11.0,305.0,977.0,2.99
赏,12,2.0,261.0,2464.0,3.39
赔,12,5.0,219.0,1015.0,3.01
贤,8,9.0,220.0,593.0,2.77
卖,8,3.0,305.0,10993.0,4.04
贱,9,19.0,305.0,1848.0,3.27
赋,12,16.0,306.0,1481.0,3.17
质,8,12.0,220.0,5831.0,3.77
账,8,8.0,305.0,1953.0,3.29
赌,12,4.0,262.0,5398.0,3.73
趣,15,3.0,305.0,11378.0,4.06
踏,15,9.0,305.0,1270.0,3.1
践,12,19.0,305.0,276.0,2.44
踢,15,3.0,278.0,2616.0,3.42
踩,15,4.0,262.0,1064.0,3.03
躺,15,4.0,262.0,2294.0,3.36
辉,12,6.0,278.0,490.0,2.69
辍,12,3.0,304.0,77.0,1.89
辈,12,10.0,305.0,3145.0,3.5
轮,8,4.0,218.0,5082.0,3.71
遨,13,,,25.0,1.4
适,9,29.0,306.0,7527.0,3.88
遭,14,2.0,277.0,2455.0,3.39
遮,14,2.0,278.0,704.0,2.85
迁,6,12.0,278.0,457.0,2.66
郑,8,5.0,305.0,284.0,2.45
邻,7,9.0,217.0,2127.0,3.33
醇,15,4.0,219.0,396.0,2.6
醉,15,3.0,304.0,3811.0,3.58
醋,15,7.0,304.0,408.0,2.61
锐,12,5.0,304.0,424.0,2.63
销,12,15.0,277.0,3241.0,3.51
锉,12,4.0,304.0,26.0,1.41
铝,11,7.0,261.0,121.0,2.08
锋,12,9.0,277.0,838.0,2.92
锄,12,6.0,220.0,32.0,1.51
阅,10,9.0,304.0,625.0,2.8
震,15,7.0,305.0,2443.0,3.39
霉,15,13.0,219.0,1157.0,3.06
靓,12,12.0,305.0,288.0,2.46
靠,15,3.0,304.0,9411.0,3.97
鞋,15,12.0,220.0,4954.0,3.69
巩,6,4.0,261.0,70.0,1.85
养,9,4.0,262.0,7312.0,3.86
饿,10,14.0,305.0,3336.0,3.52
余,7,42.0,276.0,2819.0,3.45
驻,8,10.0,306.0,441.0,2.64
驾,8,5.0,306.0,3037.0,3.48
驸,8,,,1.0,0.0
驶,8,7.0,262.0,1795.0,3.25
驼,8,8.0,220.0,419.0,2.62
骷,14,7.0,277.0,196.0,2.29
闹,8,2.0,305.0,3057.0,3.49
魄,14,5.0,306.0,176.0,2.25
魅,14,7.0,305.0,1234.0,3.09
鲁,12,6.0,261.0,6037.0,3.78
鱿,12,8.0,220.0,350.0,2.54
鸦,9,5.0,279.0,431.0,2.63
黎,15,12.0,220.0,2068.0,3.32
齿,8,5.0,262.0,1572.0,3.2
儒,16,5.0,219.0,274.0,2.44
冀,16,24.0,306.0,21.0,1.32
凝,16,5.0,217.0,533.0,2.73
剂,8,24.0,306.0,2915.0,3.46
噤,16,,,,
器,16,13.0,306.0,16613.0,4.22
噩,16,14.0,305.0,863.0,2.94
噪,16,6.0,305.0,490.0,2.69
噱,16,13.0,218.0,57.0,1.76
吨,7,7.0,305.0,215.0,2.33
垦,9,4.0,259.0,17.0,1.23
壁,16,25.0,306.0,1747.0,3.24
奋,8,6.0,306.0,3781.0,3.58
学,8,1.0,220.0,41964.0,4.62
寰,16,7.0,220.0,40.0,1.6
导,6,6.0,261.0,7275.0,3.86
凭,8,11.0,217.0,1820.0,3.26
憨,15,4.0,279.0,14.0,1.15
憩,16,13.0,306.0,33.0,1.52
宪,9,12.0,306.0,534.0,2.73
忆,4,37.0,306.0,3781.0,3.58
憾,16,11.0,305.0,2611.0,3.42
懊,15,4.0,305.0,108.0,2.03
战,9,9.0,305.0,18511.0,4.27
捡,10,14.0,261.0,908.0,2.96
拥,8,12.0,260.0,5738.0,3.76
擂,16,4.0,220.0,82.0,1.91
掳,11,6.0,261.0,67.0,1.83
擅,16,11.0,305.0,1543.0,3.19
择,8,6.0,217.0,9266.0,3.97
挡,9,3.0,261.0,2043.0,3.31
操,16,2.0,277.0,6027.0,3.78
擒,15,8.0,218.0,152.0,2.18
担,8,3.0,277.0,15900.0,4.2
据,11,11.0,278.0,12730.0,4.1
整,16,2.0,261.0,18021.0,4.26
历,4,23.0,306.0,8856.0,3.95
晓,10,2.0,261.0,1898.0,3.28
樵,16,,,8.0,0.9
朴,6,9.0,220.0,862.0,2.94
树,9,10.0,306.0,4925.0,3.69
橄,15,7.0,260.0,1061.0,3.03
桥,10,6.0,220.0,1894.0,3.28
橘,16,6.0,220.0,435.0,2.64
橙,16,11.0,220.0,513.0,2.71
机,6,22.0,278.0,48902.0,4.69
橡,15,6.0,306.0,601.0,2.78
椭,12,,,43.0,1.63
横,15,6.0,218.0,1071.0,3.03
澡,16,5.0,261.0,1697.0,3.23
淀,11,11.0,305.0,49.0,1.69
激,16,22.0,278.0,10237.0,4.01
浊,9,11.0,218.0,38.0,1.58
浓,9,4.0,218.0,845.0,2.93
炽,9,7.0,306.0,51.0,1.71
燃,16,3.0,218.0,1719.0,3.24
灯,6,3.0,277.0,4413.0,3.64
炖,8,7.0,305.0,233.0,2.37
烧,10,6.0,278.0,5192.0,3.72
燕,16,14.0,306.0,310.0,2.49
烫,10,2.0,306.0,786.0,2.9
焖,11,2.0,307.0,26.0,1.41
独,9,5.0,220.0,9203.0,3.96
瘸,16,1.0,219.0,231.0,2.36
瞒,15,4.0,219.0,1664.0,3.22
瞥,16,1.0,276.0,87.0,1.94
砖,9,2.0,277.0,461.0,2.66
磨,16,8.0,220.0,2850.0,3.45
积,10,22.0,278.0,1618.0,3.21
窥,13,3.0,277.0,376.0,2.58
筑,12,5.0,220.0,1643.0,3.22
篡,16,,,98.0,1.99
笃,9,4.0,262.0,46.0,1.66
筛,12,1.0,277.0,144.0,2.16
糕,16,9.0,277.0,7583.0,3.88
糖,16,12.0,220.0,4066.0,3.61
糗,16,1.0,261.0,143.0,2.16
缢,13,37.0,306.0,2.0,0.3
缜,13,,,14.0,1.15
县,7,12.0,306.0,394.0,2.6
罹,16,12.0,220.0,14.0,1.15
翰,16,11.0,305.0,3415.0,3.53
膨,16,9.0,220.0,159.0,2.2
膳,16,11.0,305.0,63.0,1.8
兴,6,6.0,278.0,24438.0,4.39
舱,10,4.0,276.0,1192.0,3.08
蕃,15,10.0,220.0,48.0,1.68
蕉,15,14.0,277.0,405.0,2.61
荞,9,6.0,220.0,26.0,1.41
荡,9,3.0,305.0,1916.0,3.28
萧,11,15.0,277.0,165.0,2.22
螃,16,,,204.0,2.31
融,16,12.0,217.0,1507.0,3.18
蚂,9,4.0,262.0,286.0,2.46
萤,11,11.0,220.0,103.0,2.01
衡,16,6.0,218.0,994.0,3.0
褪,14,1.0,305.0,125.0,2.1
褫,15,,,,
裤,12,4.0,305.0,4360.0,3.64
亲,9,3.0,276.0,42501.0,4.63
谍,11,9.0,218.0,1336.0,3.13
谐,11,12.0,220.0,429.0,2.63
谏,11,19.0,305.0,1.0,0.0
谕,11,42.0,276.0,116.0,2.06
咨,9,13.0,277.0,584.0,2.77
讽,6,4.0,305.0,872.0,2.94
谚,11,14.0,306.0,97.0,1.99
诺,10,4.0,304.0,7138.0,3.85
谋,11,4.0,219.0,7434.0,3.87
猫,11,1.0,277.0,4131.0,3.62
赖,13,7.0,304.0,2485.0,3.4
踱,16,7.0,305.0,27.0,1.43
踊,14,,,2.0,0.3
蹂,16,,,75.0,1.88
辑,13,19.0,220.0,1890.0,3.28
输,13,12.0,278.0,5154.0,3.71
辐,13,17.0,220.0,431.0,2.63
办,4,7.0,305.0,28706.0,4.46
辨,16,7.0,305.0,764.0,2.88
迟,7,6.0,220.0,5227.0,3.72
遴,15,,,4.0,0.6
遵,15,5.0,275.0,1601.0,3.2
选,9,1.0,261.0,25419.0,4.41
遗,12,16.0,220.0,5967.0,3.78
辽,5,8.0,219.0,28.0,1.45
醒,16,2.0,262.0,11156.0,4.05
锯,13,15.0,306.0,486.0,2.69
钢,9,7.0,277.0,1560.0,3.19
录,8,13.0,305.0,11647.0,4.07
锥,13,4.0,276.0,95.0,1.98
钱,10,8.0,220.0,35222.0,4.55
锦,13,6.0,261.0,434.0,2.64
锡,13,9.0,220.0,540.0,2.73
错,13,4.0,304.0,63231.0,4.8
阉,11,5.0,278.0,135.0,2.13
阎,11,14.0,220.0,31.0,1.49
隧,14,,,517.0,2.71
随,11,2.0,219.0,12248.0,4.09
险,9,5.0,262.0,13181.0,4.12
雕,16,6.0,277.0,858.0,2.93
霍,16,14.0,305.0,2577.0,3.41
霎,16,2.0,306.0,17.0,1.23
霓,16,4.0,219.0,78.0,1.89
靛,16,11.0,305.0,12.0,1.08
静,14,12.0,305.0,11447.0,4.06
腼,13,,,35.0,1.54
头,5,2.0,219.0,49069.0,4.69
颈,11,9.0,261.0,574.0,2.76
颓,13,1.0,221.0,71.0,1.85
频,13,4.0,220.0,2361.0,3.37
餐,16,2.0,277.0,10547.0,4.02
馄,11,,,23.0,1.36
饯,8,19.0,305.0,30.0,1.48
馅,11,12.0,306.0,800.0,2.9
馆,11,2.0,261.0,7030.0,3.85
骇,9,5.0,306.0,145.0,2.16
骆,9,7.0,305.0,245.0,2.39
骸,15,3.0,220.0,299.0,2.48
鲍,13,7.0,305.0,3122.0,3.49
鸵,10,8.0,220.0,51.0,1.71
鸳,10,,,49.0,1.69
鸭,10,5.0,279.0,748.0,2.87
默,16,13.0,306.0,3743.0,3.57
龙,5,8.0,217.0,3798.0,3.58
龟,7,9.0,277.0,592.0,2.77
偿,11,4.0,220.0,1696.0,3.23
优,6,6.0,278.0,4514.0,3.65
储,12,6.0,220.0,1147.0,3.06
励,7,23.0,306.0,1640.0,3.21
吓,6,4.0,305.0,6127.0,3.79
压,6,5.0,279.0,6483.0,3.81
嬷,17,3.0,278.0,46.0,1.66
婴,11,8.0,278.0,1676.0,3.22
尴,13,7.0,276.0,1257.0,3.1
帮,9,4.0,277.0,51013.0,4.71
弥,8,8.0,220.0,1217.0,3.09
徽,17,6.0,278.0,650.0,2.81
懂,15,2.0,261.0,7758.0,3.89
恳,10,4.0,259.0,394.0,2.6
应,7,8.0,278.0,52206.0,4.72
懦,17,4.0,304.0,576.0,2.76
戏,6,6.0,306.0,11294.0,4.05
戴,17,10.0,305.0,7245.0,3.86
击,5,19.0,220.0,16918.0,4.23
挤,9,6.0,262.0,1438.0,3.16
擢,17,11.0,218.0,1.0,0.0
擦,17,2.0,275.0,2260.0,3.35
拟,7,3.0,261.0,588.0,2.77
搁,12,8.0,278.0,377.0,2.58
敛,11,7.0,305.0,112.0,2.05
毙,10,25.0,306.0,792.0,2.9
暧,14,7.0,306.0,83.0,1.92
曙,17,,,62.0,1.79
檀,17,8.0,220.0,52.0,1.72
档,10,3.0,261.0,4903.0,3.69
检,11,14.0,261.0,9493.0,3.98
毡,9,4.0,277.0,55.0,1.74
涩,10,6.0,303.0,124.0,2.09
湿,12,10.0,278.0,1281.0,3.11
济,9,24.0,306.0,1729.0,3.24
濡,17,,,15.0,1.18
滥,13,2.0,305.0,550.0,2.74
营,11,11.0,220.0,4472.0,3.65
燥,17,6.0,305.0,285.0,2.45
灿,7,2.0,307.0,232.0,2.37
烛,10,5.0,220.0,666.0,2.82
烩,10,15.0,306.0,89.0,1.95
爵,17,13.0,218.0,2690.0,3.43
墙,14,5.0,220.0,3300.0,3.52
获,10,14.0,305.0,6234.0,3.79
环,8,7.0,220.0,4848.0,3.69
疗,7,8.0,219.0,6031.0,3.78
痨,12,5.0,220.0,10.0,1.0
癌,17,14.0,220.0,1610.0,3.21
瞪,17,5.0,305.0,235.0,2.37
瞬,17,2.0,304.0,704.0,2.85
瞭,17,3.0,261.0,48.0,1.68
瞳,17,9.0,220.0,121.0,2.08
矫,11,11.0,261.0,154.0,2.19
磷,17,9.0,217.0,88.0,1.94
礁,17,14.0,277.0,190.0,2.28
禅,12,7.0,218.0,141.0,2.15
簇,17,7.0,304.0,35.0,1.54
糙,16,2.0,277.0,176.0,2.25
糜,17,8.0,220.0,34.0,1.53
粪,12,6.0,306.0,448.0,2.65
糟,17,2.0,277.0,12328.0,4.09
缝,13,3.0,219.0,1773.0,3.25
缩,14,6.0,276.0,1736.0,3.24
纵,7,2.0,305.0,1393.0,3.14
总,9,1.0,261.0,29800.0,4.47
绩,11,22.0,278.0,1128.0,3.05
繁,17,10.0,220.0,779.0,2.89
绷,11,3.0,277.0,380.0,2.58
罅,17,,,6.0,0.78
联,12,7.0,219.0,14117.0,4.15
聪,15,5.0,276.0,5073.0,3.71
声,7,6.0,278.0,18258.0,4.26
耸,10,4.0,261.0,140.0,2.15
膺,17,8.0,278.0,10.0,1.0
胆,9,2.0,261.0,2487.0,3.4
脓,10,4.0,218.0,134.0,2.13
臀,17,5.0,219.0,549.0,2.74
臂,17,25.0,306.0,1487.0,3.17
臃,17,12.0,260.0,23.0,1.36
脸,11,1.0,261.0,9350.0,3.97
临,9,9.0,217.0,4358.0,3.64
举,9,6.0,262.0,6853.0,3.84
艰,8,16.0,277.0,1633.0,3.21
薄,16,15.0,220.0,1674.0,3.22
荟,9,15.0,306.0,11.0,1.04
薏,16,37.0,306.0,13.0,1.11
姜,9,8.0,277.0,461.0,2.66
蔷,14,5.0,220.0,39.0,1.59
荐,9,19.0,305.0,763.0,2.88
薪,16,9.0,276.0,1084.0,3.04
薯,16,9.0,262.0,771.0,2.89
亏,3,3.0,277.0,897.0,2.95
螳,17,12.0,220.0,52.0,1.72
螺,17,8.0,219.0,540.0,2.73
蟋,17,,,62.0,1.79
蟑,17,5.0,277.0,231.0,2.36
蟒,16,2.0,261.0,57.0,1.76
亵,12,14.0,306.0,328.0,2.52
襁,17,,,11.0,1.04
襄,17,7.0,278.0,7.0,0.85
觊,10,24.0,306.0,60.0,1.78
誊,13,5.0,217.0,10.0,1.0
谎,11,3.0,261.0,8144.0,3.91
谜,11,8.0,220.0,802.0,2.9
谦,12,12.0,278.0,399.0,2.6
讲,6,4.0,261.0,11383.0,4.06
谢,12,14.0,306.0,120668.0,5.08
谣,12,9.0,220.0,685.0,2.84
豁,17,14.0,305.0,1663.0,3.22
赚,14,2.0,305.0,2694.0,3.43
购,8,5.0,305.0,2016.0,3.3
赛,14,1.0,304.0,20455.0,4.31
趋,12,10.0,277.0,198.0,2.3
辗,14,5.0,261.0,79.0,1.9
舆,14,42.0,276.0,75.0,1.88
辖,14,12.0,219.0,291.0,2.46
遽,16,15.0,306.0,1.0,0.0
避,16,25.0,306.0,4134.0,3.62
邀,16,8.0,278.0,3066.0,3.49
迈,6,3.0,305.0,3964.0,3.6
邂,16,,,70.0,1.85
还,7,7.0,220.0,192389.0,5.28
酝,11,,,73.0,1.86
锅,12,2.0,278.0,682.0,2.83
镀,14,8.0,306.0,45.0,1.65
铡,11,3.0,220.0,8.0,0.9
锻,14,5.0,305.0,490.0,2.69
键,13,19.0,305.0,2839.0,3.45
钟,9,6.0,277.0,14858.0,4.17
阔,12,3.0,303.0,430.0,2.63
隐,11,5.0,262.0,4229.0,3.63
隶,8,23.0,306.0,836.0,2.92
虽,9,2.0,277.0,5507.0,3.74
霜,17,3.0,276.0,395.0,2.6
霞,17,12.0,219.0,39.0,1.59
鞠,17,6.0,220.0,195.0,2.29
颗,14,11.0,278.0,2525.0,3.4
飓,12,15.0,306.0,267.0,2.43
喂,12,13.0,306.0,11416.0,4.06
骏,10,6.0,304.0,63.0,1.8
鲑,14,9.0,277.0,148.0,2.17
鲜,14,6.0,278.0,2860.0,3.46
鸿,11,8.0,219.0,50.0,1.7
鸽,11,8.0,278.0,567.0,2.75
黏,17,6.0,219.0,201.0,2.3
黜,17,,,6.0,0.78
黝,17,6.0,262.0,31.0,1.49
点,9,4.0,261.0,128025.0,5.11
鼾,17,4.0,279.0,100.0,2.0
斋,10,1.0,279.0,78.0,1.89
丛,5,3.0,218.0,744.0,2.87
垒,9,3.0,262.0,1117.0,3.05
婶,11,2.0,262.0,319.0,2.5
戳,18,1.0,276.0,488.0,2.69
掷,11,12.0,220.0,267.0,2.43
扩,6,3.0,303.0,829.0,2.92
摆,13,3.0,262.0,4215.0,3.62
扰,7,1.0,261.0,5673.0,3.75
断,11,5.0,305.0,9088.0,3.96
朦,17,5.0,219.0,61.0,1.79
槟,14,5.0,275.0,890.0,2.95
柠,9,5.0,217.0,552.0,2.74
柜,8,6.0,262.0,1975.0,3.3
归,5,9.0,277.0,4235.0,3.63
殡,14,5.0,305.0,176.0,2.25
溅,12,19.0,305.0,317.0,2.5
滤,13,5.0,305.0,278.0,2.44
泻,8,14.0,306.0,142.0,2.15
浏,9,10.0,220.0,162.0,2.21
瀑,18,3.0,306.0,167.0,2.22
猎,11,8.0,304.0,2594.0,3.41
瓮,8,1.0,304.0,44.0,1.64
癖,18,4.0,262.0,475.0,2.68
瞻,18,4.0,277.0,46.0,1.66
礼,5,9.0,262.0,14769.0,4.17
秽,11,15.0,306.0,202.0,2.31
窜,12,1.0,304.0,193.0,2.29
窍,10,5.0,306.0,372.0,2.57
简,13,14.0,261.0,11953.0,4.08
粮,13,4.0,219.0,318.0,2.5
织,8,11.0,278.0,4022.0,3.6
绕,9,1.0,305.0,1754.0,3.24
绣,10,6.0,305.0,176.0,2.25
翘,12,6.0,220.0,558.0,2.75
翻,18,3.0,278.0,3382.0,3.53
职,11,12.0,220.0,8028.0,3.9
脐,10,23.0,220.0,170.0,2.23
旧,5,11.0,305.0,3630.0,3.56
薰,17,5.0,277.0,161.0,2.21
蓝,13,8.0,219.0,3564.0,3.55
藏,17,1.0,218.0,7826.0,3.89
藐,17,4.0,262.0,132.0,2.12
蟠,18,4.0,219.0,27.0,1.43
蝉,14,7.0,218.0,41.0,1.61
虫,6,3.0,262.0,3228.0,3.51
覆,18,16.0,306.0,786.0,2.9
谬,13,1.0,303.0,1010.0,3.0
谨,13,6.0,261.0,766.0,2.88
谩,13,7.0,305.0,19.0,1.28
丰,4,9.0,277.0,1278.0,3.11
蹙,18,7.0,304.0,5.0,0.7
蹒,17,,,25.0,1.4
踪,15,5.0,277.0,7876.0,3.9
蹦,18,4.0,305.0,429.0,2.63
躯,11,10.0,277.0,363.0,2.56
转,8,1.0,261.0,13740.0,4.14
医,7,10.0,278.0,26637.0,4.43
酱,13,5.0,305.0,1586.0,3.2
锁,12,4.0,260.0,4940.0,3.69
钨,9,13.0,306.0,4.0,0.6
镇,15,7.0,305.0,5601.0,3.75
闯,6,1.0,262.0,1844.0,3.27
双,4,3.0,276.0,6381.0,3.8
雏,13,6.0,220.0,111.0,2.05
杂,6,2.0,219.0,7200.0,3.86
鸡,7,22.0,278.0,6321.0,3.8
离,10,12.0,220.0,35725.0,4.55
鞭,18,5.0,277.0,312.0,2.49
题,15,11.0,220.0,37524.0,4.57
额,15,9.0,219.0,2059.0,3.31
颜,15,14.0,220.0,2116.0,3.33
馊,12,5.0,275.0,95.0,1.98
骑,11,23.0,220.0,3392.0,3.53
鬈,18,,,,
鲤,15,9.0,262.0,51.0,1.71
鲨,15,8.0,278.0,842.0,2.93
鹅,12,9.0,219.0,711.0,2.85
坏,7,1.0,304.0,15105.0,4.18
垄,8,,,47.0,1.67
宠,8,1.0,261.0,1199.0,3.08
惩,12,11.0,220.0,1459.0,3.16
懵,18,5.0,219.0,30.0,1.48
懒,16,5.0,261.0,891.0,2.95
怀,7,4.0,218.0,8726.0,3.94
攀,19,2.0,277.0,288.0,2.46
曝,19,3.0,306.0,336.0,2.53
旷,7,5.0,305.0,169.0,2.23
橱,16,6.0,220.0,719.0,2.86
濒,16,5.0,275.0,170.0,2.23
沥,7,23.0,306.0,63.0,1.8
潇,14,15.0,277.0,91.0,1.96
爆,19,7.0,305.0,5612.0,3.75
兽,11,9.0,305.0,2168.0,3.34
疆,19,8.0,277.0,39.0,1.59
碍,13,7.0,306.0,1983.0,3.3
祷,11,6.0,261.0,2416.0,3.38
稳,14,2.0,262.0,2495.0,3.4
签,13,12.0,278.0,5898.0,3.77
帘,8,7.0,219.0,378.0,2.58
簿,19,12.0,304.0,321.0,2.51
绳,11,1.0,220.0,1679.0,3.23
绘,9,15.0,306.0,520.0,2.72
缴,16,11.0,261.0,284.0,2.45
罗,8,8.0,219.0,18448.0,4.27
腊,12,6.0,304.0,1000.0,3.0
藕,18,4.0,262.0,19.0,1.28
艺,4,37.0,306.0,4389.0,3.64
藤,18,5.0,217.0,660.0,2.82
药,9,4.0,306.0,11037.0,4.04
蟹,19,14.0,306.0,379.0,2.58
蚁,9,8.0,262.0,520.0,2.72
蟾,19,7.0,218.0,53.0,1.72
蝎,15,3.0,278.0,131.0,2.12
襟,18,9.0,277.0,39.0,1.59
讥,4,22.0,278.0,59.0,1.77
识,7,29.0,306.0,20878.0,4.32
谱,14,5.0,262.0,890.0,2.95
赠,16,3.0,304.0,778.0,2.89
赞,16,1.0,305.0,3073.0,3.49
赝,16,14.0,306.0,98.0,1.99
蹬,19,5.0,305.0,99.0,2.0
蹲,19,4.0,277.0,891.0,2.95
跷,13,3.0,278.0,212.0,2.33
轿,10,7.0,305.0,462.0,2.66
辞,13,9.0,219.0,2272.0,3.36
边,5,5.0,277.0,30972.0,4.49
邋,18,1.0,220.0,97.0,1.99
链,12,7.0,305.0,1675.0,3.22
铿,12,2.0,275.0,13.0,1.11
镜,16,12.0,305.0,4884.0,3.69
镖,16,8.0,276.0,621.0,2.79
镪,17,,,,
关,6,7.0,277.0,55693.0,4.75
难,10,5.0,217.0,31433.0,4.5
雾,13,13.0,306.0,853.0,2.93
韵,13,6.0,305.0,390.0,2.59
愿,14,5.0,306.0,17132.0,4.23
颠,16,4.0,277.0,664.0,2.82
类,9,2.0,306.0,11326.0,4.05
馒,14,4.0,219.0,27.0,1.43
骗,12,3.0,304.0,7521.0,3.88
鲭,16,9.0,278.0,19.0,1.28
鲷,16,6.0,277.0,9.0,0.95
鲸,16,14.0,277.0,367.0,2.56
鲮,16,,,2.0,0.3
鹌,13,,,71.0,1.85
麒,19,,,25.0,1.4
庞,8,3.0,219.0,747.0,2.87
劝,4,2.0,306.0,871.0,2.94
严,7,14.0,220.0,6568.0,3.82
嚼,20,13.0,218.0,483.0,2.68
孽,19,10.0,304.0,278.0,2.44
宝,8,5.0,261.0,18858.0,4.28
悬,11,4.0,219.0,875.0,2.94
忏,6,,,704.0,2.85
拦,8,8.0,219.0,1029.0,3.01
搀,12,1.0,278.0,62.0,1.79
炉,8,8.0,219.0,1109.0,3.04
献,13,12.0,306.0,2264.0,3.35
矿,8,5.0,305.0,1010.0,3.0
竞,10,12.0,305.0,2928.0,3.47
篮,16,8.0,219.0,1825.0,3.26
筹,13,6.0,220.0,1404.0,3.15
籍,20,19.0,220.0,357.0,2.55
糯,20,4.0,304.0,9.0,0.95
继,10,24.0,306.0,14780.0,4.17
缤,13,,,18.0,1.26
罂,14,,,36.0,1.56
耀,20,4.0,306.0,1385.0,3.14
舰,10,19.0,305.0,1407.0,3.15
藻,19,5.0,261.0,135.0,2.13
芦,7,8.0,219.0,143.0,2.16
蕴,15,6.0,305.0,66.0,1.82
苹,8,4.0,220.0,854.0,2.93
蚝,10,6.0,218.0,13.0,1.11
蠕,20,4.0,259.0,72.0,1.86
觉,9,7.0,305.0,81155.0,4.91
触,13,4.0,306.0,3269.0,3.51
警,19,9.0,261.0,32561.0,4.51
譬,20,,,62.0,1.79
译,7,37.0,306.0,256.0,2.41
议,5,37.0,306.0,14943.0,4.17
赢,17,11.0,220.0,11052.0,4.04
躁,20,6.0,305.0,582.0,2.76
趸,10,2.0,261.0,19.0,1.28
辫,17,7.0,305.0,198.0,2.3
释,12,29.0,306.0,9356.0,3.97
锈,12,6.0,305.0,231.0,2.36
阐,11,4.0,260.0,97.0,1.99
飘,15,3.0,277.0,755.0,2.88
馈,12,5.0,305.0,267.0,2.43
饶,9,2.0,219.0,690.0,2.84
馨,20,9.0,276.0,274.0,2.44
腾,13,5.0,217.0,1082.0,3.03
骚,12,4.0,276.0,1585.0,3.2
咸,9,9.0,220.0,264.0,2.42
党,10,3.0,261.0,1985.0,3.3
俪,9,23.0,306.0,4.0,0.6
嚣,18,15.0,277.0,153.0,2.18
属,12,9.0,262.0,5358.0,3.73
惧,11,15.0,306.0,2331.0,3.37
慑,13,9.0,220.0,74.0,1.87
携,13,24.0,278.0,637.0,2.8
摄,13,7.0,306.0,5261.0,3.72
樱,15,8.0,278.0,336.0,2.53
栏,9,8.0,219.0,897.0,2.95
歼,7,16.0,277.0,69.0,1.84
灌,20,8.0,305.0,890.0,2.95
烂,9,2.0,305.0,3934.0,3.59
牺,10,24.0,278.0,1536.0,3.19
续,11,11.0,305.0,15616.0,4.19
缠,13,7.0,218.0,1425.0,3.15
兰,5,8.0,219.0,12472.0,4.1
蜡,14,6.0,304.0,856.0,2.93
蠢,21,1.0,261.0,6273.0,3.8
袜,10,1.0,306.0,912.0,2.96
谴,15,4.0,262.0,255.0,2.41
护,7,8.0,306.0,17385.0,4.24
誉,13,42.0,276.0,1461.0,3.16
赃,10,1.0,276.0,296.0,2.47
踌,14,,,28.0,1.45
跻,13,,,30.0,1.48
跃,11,9.0,304.0,961.0,2.98
轰,8,4.0,277.0,882.0,2.95
辩,16,7.0,305.0,2765.0,3.44
镰,18,7.0,219.0,71.0,1.85
镯,18,11.0,218.0,200.0,2.3
镭,18,4.0,220.0,35.0,1.54
铁,10,1.0,260.0,3741.0,3.57
露,21,13.0,305.0,5762.0,3.76
霸,21,4.0,307.0,1044.0,3.02
霹,21,7.0,278.0,187.0,2.27
响,9,4.0,262.0,5955.0,3.77
顾,10,4.0,305.0,8298.0,3.92
飙,16,8.0,276.0,305.0,2.48
飨,12,4.0,262.0,7.0,0.85
骡,14,8.0,219.0,97.0,1.99
蓦,13,,,3.0,0.48
驱,7,10.0,277.0,1081.0,3.03
魔,20,8.0,220.0,7645.0,3.88
麝,21,7.0,306.0,37.0,1.57
黯,21,,,74.0,1.87
俨,9,,,8.0,0.9
啰,11,8.0,219.0,616.0,2.79
囊,22,1.0,217.0,743.0,2.87
孪,9,5.0,220.0,61.0,1.79
巅,19,4.0,277.0,125.0,2.1
弯,9,4.0,278.0,1189.0,3.08
摊,13,5.0,278.0,680.0,2.83
权,6,9.0,220.0,10283.0,4.01
欢,6,3.0,278.0,57817.0,4.76
洒,9,1.0,261.0,557.0,2.75
滩,13,5.0,278.0,1865.0,3.27
叠,13,9.0,218.0,359.0,2.56
笼,11,8.0,217.0,777.0,2.89
听,7,3.0,277.0,81570.0,4.91
聋,11,8.0,217.0,435.0,2.64
脏,10,4.0,304.0,5786.0,3.76
衬,8,3.0,304.0,1392.0,3.14
袭,11,9.0,220.0,3233.0,3.51
读,10,5.0,220.0,7138.0,3.85
赎,12,5.0,220.0,796.0,2.9
铸,12,10.0,306.0,184.0,2.26
鉴,13,19.0,305.0,1316.0,3.12
颤,19,9.0,305.0,464.0,2.67
骄,9,14.0,277.0,2173.0,3.34
鳗,19,4.0,219.0,62.0,1.79
鳕,19,2.0,262.0,41.0,1.61
恋,10,7.0,305.0,6628.0,3.82
搅,12,11.0,261.0,1192.0,3.08
晒,10,1.0,303.0,595.0,2.77
窃,9,6.0,305.0,1839.0,3.26
纤,6,6.0,306.0,467.0,2.67
蘸,22,9.0,305.0,73.0,1.86
萝,11,8.0,219.0,1187.0,3.07
蛊,11,7.0,261.0,58.0,1.76
变,8,7.0,305.0,30205.0,4.48
逻,11,8.0,219.0,1015.0,3.01
显,9,5.0,262.0,10978.0,4.04
验,10,14.0,306.0,8642.0,3.94
惊,11,14.0,277.0,9696.0,3.99
驿,8,37.0,306.0,16.0,1.2
体,7,1.0,262.0,26590.0,4.42
鳝,20,11.0,305.0,5.0,0.7
鳞,20,9.0,217.0,62.0,1.79
囍,21,6.0,262.0,1.0,0.0
嘱,15,7.0,262.0,545.0,2.74
揽,12,5.0,261.0,144.0,2.16
瘫,15,5.0,278.0,305.0,2.48
癫,21,4.0,277.0,483.0,2.68
矗,24,,,17.0,1.23
罐,23,8.0,305.0,1589.0,3.2
羁,17,22.0,278.0,165.0,2.22
艳,10,14.0,306.0,663.0,2.82
蚕,10,3.0,219.0,73.0,1.86
让,5,2.0,304.0,125114.0,5.1
谶,19,3.0,304.0,1.0,0.0
酿,14,1.0,304.0,346.0,2.54
灵,7,19.0,220.0,8472.0,3.93
骤,17,3.0,304.0,191.0,2.28
鬓,20,5.0,305.0,50.0,1.7
鹰,18,8.0,278.0,1150.0,3.06
碱,14,14.0,261.0,170.0,2.23
盐,10,14.0,220.0,821.0,2.91
厅,4,3.0,277.0,3620.0,3.56
蛮,12,4.0,219.0,1188.0,3.07
观,6,7.0,277.0,8971.0,3.95
钥,9,9.0,304.0,3867.0,3.59
镶,22,7.0,278.0,137.0,2.14
颅,11,8.0,219.0,285.0,2.45
馋,12,7.0,218.0,38.0,1.58
瞩,17,7.0,262.0,117.0,2.07
驴,7,2.0,219.0,483.0,2.68
缆,12,5.0,261.0,277.0,2.44
钻,10,1.0,275.0,2373.0,3.38
颧,23,9.0,220.0,52.0,1.72
鳄,17,14.0,305.0,373.0,2.57
鲈,13,8.0,219.0,33.0,1.52
戆,25,4.0,304.0,2.0,0.3
凿,12,5.0,304.0,268.0,2.43
鹦,16,,,132.0,2.12
郁,8,42.0,276.0,1257.0,3.1
劏,15,,,,
嫲,14,,,,
旦,5,10.0,305.0,3661.0,3.56
则,6,6.0,217.0,8312.0,3.92
般,10,8.0,277.0,4611.0,3.66
块,7,7.0,303.0,11381.0,4.06
们,5,1.0,10.0,701754.0,5.85
瑞,13,5.0,304.0,7937.0,3.9
伍,6,8.0,262.0,3454.0,3.54
殓,11,7.0,305.0,7.0,0.85
刃,3,6.0,305.0,265.0,2.42
柄,9,4.0,305.0,536.0,2.73
旬,6,8.0,219.0,46.0,1.66
尉,11,13.0,306.0,2212.0,3.34
颚,15,14.0,305.0,106.0,2.03
瘾,16,5.0,262.0,1372.0,3.14
令,5,2.0,306.0,12327.0,4.09
榻,14,9.0,305.0,31.0,1.49
鬟,23,,279.0,,
丐,4,,262.0,133.0,2.12
壤,20,2.0,260.0,194.0,2.29
卒,8,4.0,219.0,171.0,2.23
厦,12,4.0,305.0,414.0,2.62
腿,13,1.0,261.0,4983.0,3.7
郎,8,6.0,219.0,2267.0,3.36
婿,12,11.0,305.0,125.0,2.1
舟,6,5.0,278.0,321.0,2.51
艇,12,4.0,261.0,1110.0,3.05
川,3,3.0,278.0,777.0,2.89
丘,5,5.0,277.0,507.0,2.71
楂,13,,277.0,4.0,0.6
涧,10,,277.0,1.0,0.0
岭,8,2.0,262.0,104.0,2.02
峦,9,5.0,220.0,21.0,1.32
匠,6,5.0,305.0,535.0,2.73
戈,4,8.0,278.0,1792.0,3.25
忿,8,6.0,306.0,17.0,1.23
屑,10,14.0,306.0,331.0,2.52
帅,5,2.0,305.0,2850.0,3.45
疚,8,11.0,305.0,711.0,2.85
讧,5,8.0,219.0,39.0,1.59
帑,8,4.0,262.0,1.0,0.0
寸,3,2.0,305.0,1462.0,3.16
娩,10,,306.0,161.0,2.21
谊,10,37.0,306.0,944.0,2.97
噬,16,29.0,306.0,178.0,2.25
涯,11,5.0,221.0,684.0,2.84
坛,7,8.0,220.0,373.0,2.57
擎,16,3.0,220.0,762.0,2.88
扉,12,7.0,278.0,231.0,2.36
绪,11,11.0,305.0,2558.0,3.41
痒,11,4.0,262.0,636.0,2.8
巾,3,9.0,277.0,1435.0,3.16
肘,7,2.0,262.0,223.0,2.35
帕,8,2.0,305.0,3830.0,3.58
铐,11,3.0,304.0,768.0,2.89
癣,19,5.0,262.0,26.0,1.41
踭,13,,261.0,,
篷,16,9.0,220.0,687.0,2.84
屐,10,22.0,278.0,31.0,1.49
讷,6,1.0,305.0,29.0,1.46
筏,12,5.0,219.0,77.0,1.89
椿,13,2.0,277.0,52.0,1.72
桩,10,4.0,276.0,682.0,2.83
泵,9,4.0,305.0,165.0,2.22
缸,9,7.0,277.0,709.0,2.85
域,11,42.0,276.0,2003.0,3.3
痘,12,6.0,305.0,160.0,2.2
蛭,12,22.0,306.0,87.0,1.94
塔,12,1.0,261.0,6158.0,3.79
塘,13,12.0,220.0,193.0,2.29
槽,15,4.0,219.0,329.0,2.52
潭,15,8.0,220.0,94.0,1.97
獭,16,9.0,305.0,96.0,1.98
坝,7,4.0,307.0,185.0,2.27
炕,8,2.0,304.0,4.0,0.6
炬,8,15.0,306.0,449.0,2.65
焰,12,14.0,306.0,571.0,2.76
荫,9,4.0,306.0,91.0,1.96
垢,9,5.0,305.0,70.0,1.85
龈,14,6.0,220.0,32.0,1.51
腩,13,,219.0,,
蒡,13,,219.0,5.0,0.7
脷,11,,,,
者,8,2.0,262.0,42245.0,4.63
姪,9,,306.0,4.0,0.6
沛,7,3.0,305.0,149.0,2.17
裕,12,42.0,276.0,236.0,2.37
眠,10,3.0,219.0,1508.0,3.18
笋,10,2.0,259.0,44.0,1.64
菇,11,11.0,277.0,260.0,2.41
菰,11,11.0,277.0,6.0,0.78
冕,11,5.0,261.0,211.0,2.32
袱,11,,277.0,160.0,2.2
翼,17,37.0,306.0,774.0,2.89
晌,10,2.0,261.0,3.0,0.48
壳,7,2.0,220.0,1002.0,3.0
筝,12,,261.0,105.0,2.02
嚷,20,2.0,260.0,647.0,2.81
咛,8,,,3.0,0.48
谓,11,13.0,306.0,2864.0,3.46
埠,11,12.0,304.0,6.0,0.78
戚,11,10.0,278.0,524.0,2.72
甥,12,6.0,278.0,181.0,2.26
酪,13,7.0,305.0,1396.0,3.14
侩,8,7.0,303.0,17.0,1.23
疋,5,,304.0,,
芽,7,5.0,221.0,235.0,2.37
龄,13,19.0,220.0,1594.0,3.2
盹,9,2.0,261.0,147.0,2.17
烊,10,,262.0,143.0,2.16
嗝,13,9.0,220.0,174.0,2.24
甴,5,,,3.0,0.48
梢,11,6.0,278.0,98.0,1.99
珮,10,,,,
钗,8,,,,
簪,18,1.0,279.0,15.0,1.18
玺,10,6.0,262.0,100.0,2.0
鈪,12,,,,
葛,12,9.0,220.0,1027.0,3.01
砾,10,23.0,306.0,54.0,1.73
沫,8,13.0,306.0,304.0,2.48
晢,11,,,,
粥,12,5.0,278.0,171.0,2.23
皙,13,24.0,278.0,9.0,0.95
鹤,15,6.0,305.0,167.0,2.22
鹭,18,13.0,305.0,27.0,1.43
睹,13,4.0,262.0,521.0,2.72
窟,13,7.0,277.0,231.0,2.36
罅,17,,305.0,6.0,0.78
乓,6,1.0,277.0,197.0,2.29
俩,9,2.0,261.0,9242.0,3.97
泽,8,6.0,217.0,1733.0,3.24
窖,12,7.0,305.0,171.0,2.23
雹,13,,,36.0,1.56
桨,10,4.0,261.0,150.0,2.18
殆,9,,,61.0,1.79
乎,5,3.0,278.0,11683.0,4.07
袍,10,4.0,220.0,454.0,2.66
侪,8,3.0,218.0,1.0,0.0
媛,12,,,197.0,2.29
址,7,11.0,262.0,2291.0,3.36
痞,12,4.0,262.0,108.0,2.03
猾,12,5.0,219.0,391.0,2.59
嫔,13,,,1.0,0.0
宙,8,5.0,306.0,1200.0,3.08
泰,10,7.0,305.0,4164.0,3.62
碌,13,13.0,305.0,281.0,2.45
衫,8,12.0,277.0,1429.0,3.16
腺,13,12.0,306.0,609.0,2.78
渍,11,5.0,305.0,194.0,2.29
烬,10,10.0,305.0,137.0,2.14
筐,12,4.0,277.0,93.0,1.97
筒,12,9.0,220.0,772.0,2.89
篙,16,9.0,277.0,1.0,0.0
篱,16,12.0,220.0,138.0,2.14
糠,17,4.0,276.0,11.0,1.04
腩,13,,,,
翁,10,2.0,276.0,558.0,2.75
衲,9,,,,
虑,10,5.0,305.0,7270.0,3.86
朵,6,3.0,261.0,1831.0,3.26
屎,9,7.0,262.0,1824.0,3.26
瘤,15,10.0,220.0,1037.0,3.02
腱,12,19.0,305.0,54.0,1.73
己,3,6.0,262.0,58674.0,4.77
刎,6,,,5.0,0.7
咎,8,11.0,305.0,184.0,2.26
恃,9,,,27.0,1.43
诩,8,,,19.0,1.28
苔,8,4.0,219.0,270.0,2.43
钵,10,7.0,278.0,49.0,1.69
裳,14,,,50.0,1.7
侣,8,7.0,261.0,886.0,2.95
洼,9,4.0,278.0,40.0,1.6
峻,10,6.0,304.0,115.0,2.06
墅,14,,305.0,341.0,2.53
啬,11,,305.0,94.0,1.97
咐,8,,278.0,350.0,2.54
吮,7,2.0,260.0,101.0,2.0
惑,12,14.0,305.0,1765.0,3.25
坷,8,11.0,278.0,56.0,1.75
丽,7,23.0,306.0,11004.0,4.04
娠,10,,305.0,61.0,1.79
悌,10,,305.0,,
佑,7,11.0,306.0,1433.0,3.16
褥,15,4.0,305.0,34.0,1.53
讳,6,15.0,306.0,90.0,1.95
忑,7,,,24.0,1.38
擞,16,,261.0,6.0,0.78
脯,11,11.0,262.0,93.0,1.97
缚,13,17.0,220.0,307.0,2.49
鸥,9,7.0,278.0,107.0,2.03
塾,14,,277.0,,
豉,11,,305.0,5.0,0.7
膊,14,15.0,220.0,911.0,2.96
廊,11,6.0,219.0,1321.0,3.12
辆,11,5.0,305.0,6671.0,3.82
裔,13,37.0,306.0,448.0,2.65
肴,8,9.0,220.0,45.0,1.65
偎,11,4.0,278.0,45.0,1.65
颊,12,5.0,220.0,193.0,2.29
痧,12,8.0,278.0,3.0,0.48
猬,12,,305.0,16.0,1.2
姪,9,,220.0,4.0,0.6
喃,12,5.0,217.0,65.0,1.81
蕾,16,3.0,262.0,1814.0,3.26
吁,6,8.0,277.0,150.0,2.18
噜,15,2.0,279.0,167.0,2.22
啡,11,,277.0,5293.0,3.72
喱,12,,277.0,124.0,2.09
圾,6,,304.0,3267.0,3.51
蛾,13,9.0,219.0,72.0,1.86
莺,10,8.0,278.0,63.0,1.8
葩,12,,220.0,1.0,0.0
祀,7,,305.0,45.0,1.65
妾,8,6.0,305.0,49.0,1.69
雁,12,14.0,306.0,18.0,1.26
邸,7,4.0,262.0,110.0,2.04
恙,10,4.0,306.0,161.0,2.21
屉,8,11.0,306.0,395.0,2.6
搐,13,,278.0,118.0,2.07
拢,8,1.0,261.0,167.0,2.22
锚,13,5.0,219.0,187.0,2.27
杖,7,8.0,305.0,398.0,2.6
曳,6,37.0,306.0,34.0,1.53
徕,10,,277.0,5.0,0.7
晰,12,24.0,278.0,369.0,2.57
厥,12,13.0,218.0,76.0,1.88
杷,8,,,,
蝇,14,11.0,220.0,391.0,2.59
畔,10,6.0,305.0,81.0,1.91
豚,11,5.0,219.0,335.0,2.53
腻,13,5.0,305.0,295.0,2.47
涛,10,5.0,220.0,107.0,2.03
泞,8,,219.0,26.0,1.41
鳅,17,,219.0,9.0,0.95
拗,8,1.0,307.0,25.0,1.4
窦,13,6.0,305.0,67.0,1.83
瘩,14,,,155.0,2.19
暇,13,12.0,219.0,129.0,2.11
皂,7,6.0,305.0,438.0,2.64
蓉,13,12.0,217.0,75.0,1.88
蒂,12,10.0,306.0,7727.0,3.89
卉,5,,277.0,23.0,1.36
苞,8,5.0,277.0,16.0,1.2
圃,10,5.0,262.0,18.0,1.26
椒,12,14.0,277.0,586.0,2.77
蕊,15,1.0,260.0,45.0,1.65
瓣,19,7.0,305.0,165.0,2.22
姪,9,,260.0,4.0,0.6
钗,8,,277.0,,
箔,14,15.0,220.0,55.0,1.74
券,8,2.0,306.0,663.0,2.82
楣,13,13.0,219.0,23.0,1.36
槛,14,19.0,305.0,53.0,1.72
挠,9,2.0,219.0,307.0,2.49
亭,9,4.0,219.0,304.0,2.48
睐,12,7.0,304.0,52.0,1.72
镳,20,8.0,276.0,87.0,1.94
笺,11,16.0,277.0,33.0,1.52
昧,9,7.0,305.0,379.0,2.58
嗽,14,1.0,305.0,195.0,2.29
恸,9,2.0,306.0,13.0,1.11
嗦,13,,279.0,123.0,2.09
呀,7,1.0,12.0,11309.0,4.05
哟,9,8.0,278.0,1289.0,3.11
涎,9,9.0,220.0,67.0,1.83
邑,7,37.0,306.0,14.0,1.15
栈,9,9.0,305.0,54.0,1.73
檐,17,14.0,220.0,113.0,2.05
嗣,13,11.0,305.0,41.0,1.61
惚,11,,261.0,61.0,1.79
伕,6,8.0,278.0,6.0,0.78
衅,11,,277.0,181.0,2.26
涸,11,,277.0,36.0,1.56
杞,7,,261.0,30.0,1.48
桔,10,13.0,220.0,165.0,2.22
饵,9,5.0,261.0,389.0,2.59
涤,10,9.0,220.0,55.0,1.74
氓,8,,220.0,650.0,2.81
璃,14,,278.0,1364.0,3.13
瑚,13,,277.0,89.0,1.95
梭,11,6.0,276.0,472.0,2.67
兀,3,13.0,306.0,40.0,1.6
舨,10,,,,
楚,13,3.0,262.0,10683.0,4.03
吋,6,2.0,305.0,29.0,1.46
呎,7,5.0,262.0,12.0,1.08
哩,10,1.0,11.0,345.0,2.54
亩,7,6.0,260.0,144.0,2.16
镑,15,7.0,305.0,627.0,2.8
莉,10,,306.0,6520.0,3.81
械,11,14.0,306.0,928.0,2.97
阀,9,5.0,219.0,184.0,2.26
饷,9,,276.0,12.0,1.08
筝,12,,277.0,105.0,2.02
靡,19,4.0,262.0,97.0,1.99
翔,12,3.0,220.0,450.0,2.65
枧,8,,278.0,,
葺,12,,277.0,10.0,1.0
瞰,16,,262.0,57.0,1.76
禄,12,13.0,305.0,25.0,1.4
毅,15,,277.0,142.0,2.15
廷,6,4.0,219.0,668.0,2.82
览,9,5.0,261.0,665.0,2.82
屿,6,9.0,260.0,99.0,2.0
饷,9,,277.0,12.0,1.08
傅,12,16.0,306.0,424.0,2.63
怖,8,12.0,304.0,3202.0,3.51
揍,12,3.0,304.0,1280.0,3.11
髦,14,,220.0,296.0,2.47
塾,14,,278.0,,
茎,8,14.0,277.0,312.0,2.49
馁,10,1.0,261.0,56.0,1.75
瀚,19,,304.0,39.0,1.59
豹,10,7.0,305.0,501.0,2.7
棠,12,12.0,220.0,6.0,0.78
蜇,13,9.0,220.0,62.0,1.79
啸,11,8.0,305.0,76.0,1.88
滨,13,5.0,275.0,205.0,2.31
湾,12,4.0,278.0,776.0,2.89
隘,12,7.0,306.0,58.0,1.76
狈,7,,219.0,60.0,1.78
璃,14,,220.0,1364.0,3.13
惫,12,,220.0,225.0,2.35
摰,15,,277.0,,
谛,11,10.0,306.0,89.0,1.95
髓,21,1.0,263.0,313.0,2.5
痰,13,8.0,220.0,96.0,1.98
祇,8,11.0,262.0,4.0,0.6
笈,9,19.0,220.0,11.0,1.04
赁,10,3.0,305.0,71.0,1.85
窕,11,,,36.0,1.56
粹,14,9.0,304.0,854.0,2.93
鸢,8,4.0,278.0,14.0,1.15
耘,10,,276.0,20.0,1.3
膛,15,12.0,220.0,502.0,2.7
肪,8,,278.0,291.0,2.46
络,9,7.0,305.0,2286.0,3.36
椎,12,4.0,276.0,311.0,2.49
苓,8,,,,
盅,9,6.0,277.0,16.0,1.2
坪,8,11.0,217.0,368.0,2.57
莓,10,13.0,219.0,583.0,2.77
庐,7,,261.0,27.0,1.43
芜,7,9.0,220.0,58.0,1.76
诲,9,15.0,306.0,51.0,1.71
惘,11,,220.0,49.0,1.69
吧,7,1.0,12.0,197159.0,5.29
灸,7,6.0,261.0,83.0,1.92
烁,9,4.0,304.0,151.0,2.18
铄,10,4.0,304.0,2.0,0.3
馑,14,,278.0,,
褂,13,,262.0,36.0,1.56
鞍,15,6.0,277.0,96.0,1.98
蹄,16,11.0,220.0,203.0,2.31
骼,15,,261.0,118.0,2.07
祟,10,8.0,305.0,373.0,2.57
坤,8,4.0,277.0,223.0,2.35
涸,11,,220.0,36.0,1.56
尔,5,5.0,261.0,41284.0,4.62
辄,11,9.0,220.0,13.0,1.11
羹,19,4.0,276.0,111.0,2.05
茸,9,12.0,217.0,220.0,2.34
罄,17,3.0,306.0,13.0,1.11
贾,10,5.0,262.0,1117.0,3.05
榷,14,,277.0,9.0,0.95
迪,8,9.0,220.0,11033.0,4.04
殇,9,4.0,277.0,6.0,0.78
础,10,3.0,262.0,548.0,2.74
侈,8,5.0,262.0,179.0,2.25
娜,9,2.0,218.0,5756.0,3.76
孺,17,5.0,219.0,26.0,1.41
寞,13,13.0,306.0,470.0,2.67
岖,7,,220.0,42.0,1.62
挈,10,6.0,305.0,3.0,0.48
虹,9,8.0,219.0,329.0,2.52
炳,9,7.0,261.0,152.0,2.18
徊,9,,,159.0,2.2
怆,7,,278.0,6.0,0.78
愫,13,,220.0,6.0,0.78
帚,8,2.0,262.0,110.0,2.04
诿,10,,277.0,11.0,1.04
曦,20,,218.0,18.0,1.26
戮,15,13.0,305.0,334.0,2.52
汰,7,7.0,305.0,2611.0,3.42
邃,17,,278.0,34.0,1.53
沌,7,,305.0,79.0,1.9
淆,11,,305.0,120.0,2.08
澈,15,6.0,305.0,78.0,1.89
饪,7,,278.0,232.0,2.37
獗,15,,,21.0,1.32
狞,8,5.0,217.0,20.0,1.3
枚,8,13.0,219.0,765.0,2.88
睬,13,4.0,262.0,119.0,2.08
馔,15,,306.0,,
眶,11,5.0,305.0,61.0,1.79
睛,13,14.0,277.0,5729.0,3.76
睑,12,14.0,261.0,41.0,1.61
磺,16,11.0,219.0,144.0,2.16
祀,7,,306.0,45.0,1.65
犷,6,,276.0,24.0,1.38
赘,14,3.0,304.0,98.0,1.99
舶,11,15.0,220.0,9.0,0.95
坞,7,13.0,306.0,1849.0,3.27
蚓,10,,,34.0,1.53
蜢,14,,,22.0,1.34
瘠,15,,220.0,13.0,1.11
婪,11,,278.0,339.0,2.53
牒,13,,278.0,50.0,1.7
诣,8,37.0,306.0,22.0,1.34
霾,22,2.0,219.0,34.0,1.53
俑,9,12.0,260.0,58.0,1.76
阱,6,9.0,261.0,600.0,2.78
橇,16,9.0,304.0,220.0,2.34
鳃,17,3.0,276.0,10.0,1.0
鳍,18,23.0,220.0,64.0,1.81
鳔,19,,276.0,,
瞰,16,,260.0,57.0,1.76
穗,17,8.0,305.0,46.0,1.66
痹,13,25.0,306.0,168.0,2.23
儡,17,,,110.0,2.04
俬,9,12.0,277.0,1.0,0.0
叭,5,7.0,279.0,287.0,2.46
嘛,14,2.0,220.0,16515.0,4.22
咙,8,,219.0,615.0,2.79
鹊,13,5.0,305.0,32.0,1.51
暄,13,,219.0,30.0,1.48
怆,7,,277.0,6.0,0.78
忪,7,,278.0,4.0,0.6
倡,10,,220.0,109.0,2.04
揄,12,42.0,276.0,15.0,1.18
斓,16,,277.0,11.0,1.04
莹,10,11.0,220.0,15.0,1.18
袄,9,2.0,263.0,5.0,0.7
榈,13,,277.0,337.0,2.53
杈,7,5.0,277.0,11.0,1.04
滓,13,6.0,261.0,65.0,1.81
沌,7,,219.0,79.0,1.9
辜,12,,220.0,1839.0,3.26
匾,11,,219.0,1.0,0.0
豫,15,,220.0,637.0,2.8
珀,9,5.0,306.0,661.0,2.82
琶,12,,220.0,14.0,1.15
挛,10,5.0,220.0,164.0,2.21
绌,8,,261.0,12.0,1.08
砚,9,,262.0,5.0,0.7
薇,16,13.0,220.0,610.0,2.79
籽,9,6.0,261.0,50.0,1.7
萨,11,2.0,305.0,7690.0,3.89
蟆,16,,220.0,82.0,1.91
庚,8,4.0,276.0,9.0,0.95
餸,17,,261.0,,
柬,9,14.0,261.0,197.0,2.29
扈,11,8.0,306.0,13.0,1.11
锣,13,8.0,219.0,69.0,1.84
痿,13,10.0,262.0,46.0,1.66
霄,15,15.0,277.0,98.0,1.99
偈,11,,278.0,,
啡,11,,278.0,5293.0,3.72
咪,9,1.0,278.0,1967.0,3.29
徨,12,,219.0,37.0,1.57
讪,5,,278.0,199.0,2.3
颖,13,3.0,262.0,188.0,2.27
涧,10,,278.0,1.0,0.0
稽,15,22.0,278.0,556.0,2.75
囱,7,,278.0,111.0,2.05
疵,11,2.0,279.0,130.0,2.11
伽,7,13.0,278.0,382.0,2.58
锢,13,,305.0,59.0,1.77
箕,14,22.0,278.0,10.0,1.0
踝,15,4.0,218.0,331.0,2.52
萄,11,,220.0,1092.0,3.04
蚣,10,,,16.0,1.2
缀,11,3.0,304.0,83.0,1.92
潢,14,11.0,219.0,68.0,1.83
璜,15,11.0,219.0,28.0,1.45
赂,10,13.0,305.0,431.0,2.63
蚤,9,5.0,261.0,128.0,2.11
阂,9,,220.0,52.0,1.72
骋,10,,220.0,30.0,1.48
埃,10,6.0,278.0,4434.0,3.65
筵,12,14.0,220.0,19.0,1.28
魇,15,,305.0,71.0,1.85
娥,10,9.0,219.0,133.0,2.12
峙,9,22.0,306.0,80.0,1.9
跤,13,14.0,277.0,416.0,2.62
帜,8,22.0,306.0,224.0,2.35
梿,11,,220.0,,
姬,10,22.0,278.0,857.0,2.93
绎,8,37.0,306.0,320.0,2.51
漪,14,,,22.0,1.34
瑙,13,3.0,261.0,29.0,1.46
祉,8,11.0,262.0,25.0,1.4
倪,10,,277.0,41.0,1.61
湛,12,9.0,305.0,80.0,1.9
洲,9,5.0,278.0,3381.0,3.53
胱,10,,261.0,70.0,1.85
蹈,17,8.0,305.0,3141.0,3.5
蒻,13,5.0,303.0,2.0,0.3
馏,13,2.0,306.0,33.0,1.52
蛛,12,10.0,278.0,930.0,2.97
蜴,14,,278.0,182.0,2.26
蜓,12,,278.0,67.0,1.83
蜒,12,,,16.0,1.2
梧,11,9.0,220.0,31.0,1.49
凰,11,11.0,219.0,311.0,2.49
涕,10,11.0,306.0,234.0,2.37
嚏,17,11.0,306.0,133.0,2.12
媚,12,7.0,305.0,201.0,2.3
墟,14,,306.0,172.0,2.24
劾,8,,305.0,53.0,1.72
簧,17,11.0,219.0,171.0,2.23
恿,11,,261.0,60.0,1.78
藉,17,8.0,306.0,286.0,2.46
悯,10,5.0,260.0,340.0,2.53
悴,11,9.0,304.0,52.0,1.72
憬,15,,277.0,59.0,1.77
寇,11,6.0,305.0,298.0,2.47
汐,6,,219.0,48.0,1.68
湃,12,,220.0,52.0,1.72
稔,13,3.0,261.0,18.0,1.26
忱,7,,304.0,21.0,1.32
璨,17,2.0,307.0,31.0,1.49
踞,15,,219.0,7.0,0.85
秤,10,1.0,306.0,59.0,1.77
畴,12,,306.0,50.0,1.7
黜,17,,307.0,6.0,0.78
蚪,10,,,38.0,1.58
蝠,15,,277.0,449.0,2.65
蝶,15,9.0,218.0,496.0,2.7
谤,12,7.0,305.0,179.0,2.25
乸,8,,278.0,,
脷,11,,278.0,,
煌,13,11.0,219.0,183.0,2.26
廓,13,3.0,303.0,108.0,2.03
撼,16,11.0,305.0,452.0,2.66
晖,10,6.0,278.0,8.0,0.9
驭,5,42.0,276.0,127.0,2.1
髅,18,,277.0,196.0,2.29
髻,16,24.0,306.0,11.0,1.04
眸,11,4.0,219.0,69.0,1.84
皿,5,,306.0,51.0,1.71
苑,8,5.0,306.0,94.0,1.97
恃,9,,217.0,27.0,1.43
榄,13,5.0,261.0,1069.0,3.03
匾,11,,218.0,1.0,0.0
芯,7,9.0,276.0,505.0,2.7
蹭,19,1.0,304.0,289.0,2.46
漾,14,4.0,306.0,29.0,1.46
裆,11,3.0,277.0,131.0,2.12
躏,21,,,75.0,1.88
孀,20,3.0,276.0,87.0,1.94
腆,12,2.0,261.0,37.0,1.57
虱,8,10.0,278.0,181.0,2.26
饨,7,,,23.0,1.36
鸯,10,,,49.0,1.69
尬,7,,276.0,1256.0,3.1
蹋,17,9.0,305.0,105.0,2.02
纫,6,,219.0,73.0,1.86
螂,14,,220.0,281.0,2.45
蟀,17,,,62.0,1.79
螂,14,,277.0,281.0,2.45
渎,11,5.0,220.0,295.0,2.47
觎,13,,306.0,59.0,1.77
逅,9,,,70.0,1.85
佬,8,4.0,262.0,1465.0,3.17
躬,10,12.0,277.0,233.0,2.37
攘,20,2.0,220.0,37.0,1.57
胧,9,,219.0,51.0,1.71
榔,12,6.0,219.0,39.0,1.59
檬,17,,217.0,533.0,2.73
饷,9,,219.0,12.0,1.08
跚,12,,,25.0,1.4
圜,16,,261.0,,
挞,9,9.0,305.0,14.0,1.15
弛,6,7.0,262.0,64.0,1.81
懈,16,14.0,306.0,209.0,2.32
蜍,13,,218.0,51.0,1.71
陲,10,6.0,218.0,7.0,0.85
遢,13,,220.0,94.0,1.97
锵,14,,275.0,11.0,1.04
簸,19,,277.0,85.0,1.93
鹑,13,,,71.0,1.85
麟,23,,,27.0,1.43
苇,7,10.0,262.0,55.0,1.74
惕,11,11.0,306.0,339.0,2.53
溉,12,,305.0,31.0,1.49
躇,18,,,28.0,1.45
锤,13,6.0,218.0,509.0,2.71
镬,18,14.0,305.0,4.0,0.6
雳,12,,278.0,184.0,2.26
嗦,13,,219.0,123.0,2.09
腑,12,11.0,262.0,52.0,1.72
燶,17,,303.0,,
讶,6,5.0,307.0,1671.0,3.22
咐,8,,262.0,350.0,2.54
痪,12,,278.0,246.0,2.39
痫,12,,277.0,239.0,2.38
蛹,13,12.0,260.0,12.0,1.08
茧,9,14.0,261.0,114.0,2.06
柩,9,11.0,305.0,15.0,1.18
鹉,13,,,131.0,2.12
